latitude,longitude,brightness,acq_date,acq_time
36.35473,-76.81219,1,2025-02-15,550
33.01399,-79.88933,1,2025-02-15,614
33.01516,-79.88876,1,2025-02-15,614
36.35648,-76.80833,1,2025-02-15,614
26.28042,-80.15741,1,2025-02-15,616
28.53533,-80.89897,4,2025-02-15,616
28.53465,-80.88822,3,2025-02-15,616
35.03498,-81.32529,1,2025-02-15,705
35.0836,-83.01021,1,2025-02-15,705
35.01941,-83.68225,1,2025-02-15,705
34.37562,-79.88884,1,2025-02-15,705
34.15223,-79.56062,1,2025-02-15,705
34.18015,-80.26826,1,2025-02-15,705
33.01525,-79.88583,1,2025-02-15,705
33.96289,-81.04971,1,2025-02-15,705
33.01199,-79.88654,1,2025-02-15,705
33.00808,-79.88318,1,2025-02-15,705
33.00481,-79.88389,1,2025-02-15,705
33.00419,-79.87983,1,2025-02-15,705
34.37133,-82.41679,1,2025-02-15,705
32.67653,-80.62183,1,2025-02-15,705
33.44054,-88.56844,2,2025-02-15,705
29.91271,-82.36732,1,2025-02-15,707
29.33582,-82.41187,1,2025-02-15,707
28.84502,-82.16988,1,2025-02-15,707
27.17738,-81.84964,1,2025-02-15,707
26.28146,-80.15412,1,2025-02-15,707
26.27814,-80.1548,1,2025-02-15,707
36.6258,-81.09644,1,2025-02-15,707
25.8586,-80.34449,1,2025-02-15,707
34.83773,-79.74207,1,2025-02-15,707
35.50297,-80.33082,1,2025-02-15,707
32.4155,-101.64281,1,2025-02-15,733
32.37141,-101.5772,1,2025-02-15,733
32.37235,-101.57918,1,2025-02-15,733
32.31597,-101.55983,1,2025-02-15,733
32.21639,-101.8524,1,2025-02-15,733
32.37835,-101.5767,1,2025-02-15,733
32.40854,-101.64329,1,2025-02-15,733
33.43924,-88.56952,1,2025-02-15,733
34.15118,-79.5595,1,2025-02-15,733
33.44802,-88.58179,1,2025-02-15,733
32.34316,-81.3882,1,2025-02-15,733
32.6833,-82.11452,1,2025-02-15,733
33.0147,-79.88615,1,2025-02-15,733
33.00495,-79.8801,1,2025-02-15,733
33.00583,-79.8843,1,2025-02-15,733
35.69842,-80.97675,1,2025-02-15,733
35.08221,-83.01186,1,2025-02-15,733
33.44616,-88.56817,1,2025-02-15,733
36.62621,-81.09558,1,2025-02-15,733
29.75615,-93.87961,1,2025-02-15,735
29.75999,-93.87426,1,2025-02-15,735
31.56545,-102.26221,1,2025-02-15,735
26.28209,-80.1551,1,2025-02-15,735
25.86042,-80.34248,1,2025-02-15,735
27.36195,-90.18229,1,2025-02-15,735
27.22616,-91.19157,1,2025-02-15,735
31.6118,-102.27002,1,2025-02-15,735
36.03348,-102.06991,1,2025-02-15,754
35.0341,-81.32615,1,2025-02-15,754
32.48674,-101.31988,1,2025-02-15,756
33.4491,-88.58242,1,2025-02-15,756
31.68388,-102.22793,1,2025-02-15,756
32.21853,-101.8505,1,2025-02-15,756
32.38321,-103.70036,1,2025-02-15,756
32.38329,-103.70268,1,2025-02-15,756
32.28179,-101.4085,1,2025-02-15,756
32.70985,-103.5198,1,2025-02-15,756
33.43933,-88.56982,1,2025-02-15,756
32.34135,-101.64151,1,2025-02-15,756
32.34414,-101.64031,1,2025-02-15,756
31.7991,-103.92818,1,2025-02-15,756
32.37833,-101.57811,1,2025-02-15,756
32.41293,-101.63804,2,2025-02-15,756
32.48195,-101.26521,1,2025-02-15,756
32.47466,-103.42884,1,2025-02-15,756
32.47647,-103.42947,1,2025-02-15,756
31.5652,-102.25852,1,2025-02-15,756
29.52671,-90.56467,1,2025-02-15,756
31.68674,-103.99007,1,2025-02-15,756
28.68525,-106.09136,1,2025-02-15,756
27.22706,-91.19228,1,2025-02-15,756
29.4065,-89.77883,1,2025-02-15,756
29.75749,-93.87963,1,2025-02-15,756
29.75958,-93.87105,1,2025-02-15,756
29.76018,-93.87501,1,2025-02-15,756
26.27913,-80.15713,1,2025-02-15,756
25.75286,-100.31818,1,2025-02-15,758
25.61433,-100.86822,1,2025-02-15,758
25.60271,-100.9194,1,2025-02-15,758
25.48972,-103.40032,1,2025-02-15,758
25.48943,-103.39717,1,2025-02-15,758
25.60701,-100.91885,1,2025-02-15,758
40.81921,-114.2553,1,2025-02-15,845
39.65249,-104.7042,1,2025-02-15,845
36.52047,-97.83816,1,2025-02-15,845
36.51659,-97.83943,1,2025-02-15,845
32.48281,-101.35132,1,2025-02-15,847
29.64152,-108.18467,1,2025-02-15,847
32.45503,-101.30233,1,2025-02-15,847
30.4931,-109.62779,1,2025-02-15,847
31.56094,-102.25866,1,2025-02-15,847
30.49674,-109.62721,1,2025-02-15,847
31.3628,-101.77486,1,2025-02-15,847
31.79522,-103.9251,1,2025-02-15,847
31.80829,-103.90073,1,2025-02-15,847
31.77617,-103.62889,1,2025-02-15,847
31.90833,-103.53844,1,2025-02-15,847
31.74739,-102.54771,1,2025-02-15,847
31.98599,-103.71648,1,2025-02-15,847
31.7944,-102.0104,1,2025-02-15,847
32.28312,-104.08132,1,2025-02-15,847
32.22115,-103.52612,1,2025-02-15,847
32.22186,-103.5303,1,2025-02-15,847
32.14764,-103.05549,1,2025-02-15,847
32.38012,-103.69775,1,2025-02-15,847
33.41564,-110.86067,2,2025-02-15,847
31.98342,-106.42632,1,2025-02-15,847
33.41966,-110.85998,1,2025-02-15,847
32.21276,-101.93336,1,2025-02-15,847
32.2148,-101.84541,1,2025-02-15,847
32.21566,-101.85007,1,2025-02-15,847
34.15106,-118.19455,1,2025-02-15,847
32.67985,-103.93587,1,2025-02-15,847
34.15017,-118.19427,1,2025-02-15,847
32.27732,-101.40939,1,2025-02-15,847
32.84724,-104.39418,1,2025-02-15,847
32.3734,-101.57357,1,2025-02-15,847
32.4112,-101.63833,2,2025-02-15,847
36.35818,-114.90993,1,2025-02-15,847
35.51795,-113.31457,1,2025-02-15,847
32.97452,-102.74322,1,2025-02-15,847
32.75875,-102.68346,1,2025-02-15,847
32.47434,-103.42715,1,2025-02-15,847
30.49737,-109.63218,1,2025-02-15,847
31.9659,-106.58549,1,2025-02-15,847
32.89886,-115.48075,2,2025-02-15,847
31.28794,-103.67426,1,2025-02-15,847
29.37669,-94.93916,1,2025-02-15,847
29.37572,-94.93523,1,2025-02-15,847
29.37547,-94.94162,1,2025-02-15,847
29.37453,-94.93768,1,2025-02-15,847
32.89914,-115.48462,2,2025-02-15,847
29.37358,-94.93373,1,2025-02-15,847
31.6143,-106.55448,1,2025-02-15,847
28.18116,-108.641,1,2025-02-15,849
28.14662,-105.40915,1,2025-02-15,849
29.04335,-111.5002,1,2025-02-15,849
29.0427,-111.49438,1,2025-02-15,849
28.17837,-108.64606,1,2025-02-15,849
29.04909,-110.7149,1,2025-02-15,849
29.04893,-110.71325,1,2025-02-15,849
28.6852,-106.08787,1,2025-02-15,849
29.04378,-111.49557,1,2025-02-15,849
28.17776,-108.64165,1,2025-02-15,849
28.17035,-108.63864,1,2025-02-15,849
28.17317,-108.63379,1,2025-02-15,849
27.14737,-104.9682,1,2025-02-15,849
27.10134,-107.21917,1,2025-02-15,849
25.75161,-100.31921,1,2025-02-15,849
25.72178,-100.30336,1,2025-02-15,849
25.72304,-100.30522,1,2025-02-15,849
25.71883,-100.3063,1,2025-02-15,849
25.69931,-100.29729,1,2025-02-15,849
25.60294,-100.91882,1,2025-02-15,849
25.49382,-100.98785,1,2025-02-15,849
25.15392,-106.28347,1,2025-02-15,849
28.17376,-108.638,1,2025-02-15,849
28.92796,-110.82755,1,2025-02-15,849
29.04447,-111.50137,1,2025-02-15,849
36.51571,-97.83774,1,2025-02-15,911
37.3903,-120.69313,1,2025-02-15,911
37.94571,-122.39676,1,2025-02-15,911
48.886,-122.74089,1,2025-02-15,911
38.07343,-122.1404,1,2025-02-15,911
39.38614,-121.64864,1,2025-02-15,911
39.61886,-119.26506,1,2025-02-15,911
31.83134,-104.23855,1,2025-02-15,913
31.79832,-103.92677,1,2025-02-15,913
34.15362,-118.19451,1,2025-02-15,913
34.15109,-118.19312,1,2025-02-15,913
32.85651,-117.02859,1,2025-02-15,913
31.56206,-102.25977,1,2025-02-15,913
31.98583,-103.71687,1,2025-02-15,913
33.41225,-110.85606,1,2025-02-15,913
33.41292,-110.86017,1,2025-02-15,913
33.41621,-110.85942,1,2025-02-15,913
33.41951,-110.85867,1,2025-02-15,913
34.42852,-118.64742,1,2025-02-15,913
31.79132,-102.0096,1,2025-02-15,913
33.79341,-117.4745,1,2025-02-15,913
33.71576,-117.71099,1,2025-02-15,913
33.49282,-117.61802,1,2025-02-15,913
33.61225,-117.82562,1,2025-02-15,913
31.28768,-103.67693,1,2025-02-15,913
32.28183,-104.07995,1,2025-02-15,913
32.89747,-115.4846,2,2025-02-15,913
28.1783,-108.6423,1,2025-02-15,913
28.18199,-108.64151,1,2025-02-15,913
28.92918,-110.82821,1,2025-02-15,913
29.04463,-111.49745,1,2025-02-15,913
29.05056,-110.71497,1,2025-02-15,913
28.68415,-106.08635,1,2025-02-15,913
29.64457,-108.18703,1,2025-02-15,913
30.4947,-109.62981,2,2025-02-15,913
30.49812,-109.62899,2,2025-02-15,913
31.9645,-106.5842,1,2025-02-15,913
32.22112,-103.5283,1,2025-02-15,913
32.21624,-101.85219,1,2025-02-15,913
31.99498,-101.82772,1,2025-02-15,913
27.03019,-103.37248,1,2025-02-15,913
28.17373,-108.63838,1,2025-02-15,913
40.82069,-114.256,1,2025-02-15,913
36.38219,-114.87775,1,2025-02-15,913
36.35573,-114.91048,1,2025-02-15,913
36.35814,-114.91133,1,2025-02-15,913
32.38051,-103.70131,1,2025-02-15,913
32.48267,-101.26157,1,2025-02-15,913
32.48572,-101.318,1,2025-02-15,913
32.4836,-101.3533,1,2025-02-15,913
35.51837,-113.31537,1,2025-02-15,913
32.41247,-101.63948,1,2025-02-15,913
32.47976,-101.36876,1,2025-02-15,913
32.37238,-117.06732,1,2025-02-15,913
32.21465,-101.84553,1,2025-02-15,913
32.70744,-103.51609,1,2025-02-15,913
32.68086,-103.93436,1,2025-02-15,913
32.28136,-101.40855,1,2025-02-15,913
32.34352,-101.64046,1,2025-02-15,913
32.37564,-101.57487,1,2025-02-15,913
32.41167,-101.63611,1,2025-02-15,913
32.27954,-101.40868,1,2025-02-15,913
32.85781,-117.14579,1,2025-02-15,913
27.14757,-104.96883,1,2025-02-15,915
27.14573,-104.97075,1,2025-02-15,915
25.72002,-100.30349,1,2025-02-15,915
25.69887,-100.2985,1,2025-02-15,915
25.75429,-100.54504,1,2025-02-15,915
25.48981,-103.39674,1,2025-02-15,915
25.48609,-103.39684,1,2025-02-15,915
40.82139,-114.25778,1,2025-02-15,934
36.3571,-114.91064,1,2025-02-15,936
34.31969,-118.51135,1,2025-02-15,936
34.33368,-118.51867,1,2025-02-15,936
34.43113,-118.64674,1,2025-02-15,936
34.35334,-116.85514,1,2025-02-15,936
33.41346,-110.85905,1,2025-02-15,936
33.41755,-110.85787,2,2025-02-15,936
33.41854,-110.86249,2,2025-02-15,936
31.80588,-104.17348,1,2025-02-15,936
31.82583,-104.22196,1,2025-02-15,936
31.82426,-104.21625,1,2025-02-15,936
34.62094,-117.10053,1,2025-02-15,936
31.79864,-103.92871,1,2025-02-15,936
31.79556,-103.92731,1,2025-02-15,936
31.94499,-103.9834,1,2025-02-15,936
31.36485,-101.77991,1,2025-02-15,936
31.56465,-102.258,1,2025-02-15,936
32.28505,-104.08062,1,2025-02-15,936
32.4758,-103.42777,1,2025-02-15,936
32.21808,-101.84963,1,2025-02-15,936
32.21856,-101.85036,1,2025-02-15,936
32.37505,-101.57461,1,2025-02-15,936
32.37458,-101.57581,1,2025-02-15,936
35.51872,-113.31658,1,2025-02-15,936
34.24227,-118.38077,1,2025-02-15,936
34.29361,-118.80151,1,2025-02-15,936
39.4927,-119.61925,1,2025-02-15,936
34.15284,-118.19176,1,2025-02-15,936
37.3941,-120.69389,1,2025-02-15,936
37.94455,-122.39594,1,2025-02-15,936
37.94617,-122.39723,1,2025-02-15,936
34.29029,-118.80225,1,2025-02-15,936
37.88267,-121.18382,1,2025-02-15,936
38.07148,-122.14071,1,2025-02-15,936
37.45639,-121.93016,1,2025-02-15,936
32.8586,-117.14639,1,2025-02-15,936
32.85644,-117.02834,1,2025-02-15,936
36.38441,-114.87791,1,2025-02-15,936
33.49298,-117.61852,1,2025-02-15,936
33.79391,-117.47424,1,2025-02-15,936
33.8546,-118.3334,1,2025-02-15,936
33.61322,-117.82204,1,2025-02-15,936
33.82042,-118.2422,1,2025-02-15,936
33.71527,-117.71127,1,2025-02-15,936
33.77586,-118.21764,1,2025-02-15,936
33.7925,-118.35098,1,2025-02-15,936
32.89912,-115.48663,2,2025-02-15,936
27.14871,-104.97013,1,2025-02-15,938
28.1773,-108.64362,1,2025-02-15,938
28.18334,-108.64565,1,2025-02-15,938
28.9273,-110.82776,1,2025-02-15,938
28.68399,-106.08972,1,2025-02-15,938
30.49596,-109.6307,2,2025-02-15,938
32.59789,-117.01222,1,2025-02-15,938
32.39986,-114.76454,1,2025-02-15,938
28.18257,-108.64242,1,2025-02-15,938
32.37186,-117.06982,1,2025-02-15,938
48.88604,-122.73771,1,2025-02-15,1023
49.09672,-123.01616,1,2025-02-15,1023
40.82029,-114.25677,1,2025-02-15,1025
37.88174,-121.18694,1,2025-02-15,1028
38.07158,-122.13907,1,2025-02-15,1028
37.94295,-122.39301,1,2025-02-15,1028
37.39017,-120.69346,1,2025-02-15,1028
37.45421,-121.93385,1,2025-02-15,1028
34.33558,-118.51905,1,2025-02-15,1028
34.1535,-118.19078,1,2025-02-15,1028
32.89565,-115.47997,2,2025-02-15,1028
32.89741,-115.48614,2,2025-02-15,1028
34.31057,-119.2695,1,2025-02-15,1028
34.31273,-119.26833,1,2025-02-15,1028
34.28978,-118.8033,1,2025-02-15,1028
34.15228,-118.19173,1,2025-02-15,1028
37.94608,-122.39351,1,2025-02-15,1051
26.42248,-81.64256,2,2025-02-15,1541
27.16327,-81.15227,2,2025-02-15,1541
29.65236,-90.412,2,2025-02-15,1541
33.41579,-110.86043,2,2025-02-15,1719
33.4142,-110.84982,1,2025-02-15,1719
27.11573,-109.76501,1,2025-02-15,1719
31.60972,-111.51591,1,2025-02-15,1719
30.49713,-109.63435,2,2025-02-15,1719
30.49518,-109.62267,2,2025-02-15,1719
27.11783,-109.7775,1,2025-02-15,1719
33.67429,-111.67103,1,2025-02-15,1719
25.55209,-76.71832,2,2025-02-15,1730
25.54668,-76.71687,2,2025-02-15,1730
26.6583,-80.8764,2,2025-02-15,1732
26.65657,-80.88297,1,2025-02-15,1732
26.65482,-80.87495,1,2025-02-15,1732
26.47555,-80.90894,1,2025-02-15,1732
26.3528,-77.05264,1,2025-02-15,1732
33.1303,-80.77462,1,2025-02-15,1734
25.55063,-76.71924,1,2025-02-15,1821
26.34807,-77.0535,1,2025-02-15,1821
25.54613,-76.80053,1,2025-02-15,1821
26.35481,-77.05467,1,2025-02-15,1821
26.56049,-80.58728,1,2025-02-15,1821
26.35144,-77.05408,1,2025-02-15,1821
26.55703,-80.52463,4,2025-02-15,1821
26.55434,-80.51996,4,2025-02-15,1821
26.34134,-77.05233,1,2025-02-15,1821
30.84272,-84.80822,1,2025-02-15,1823
30.63991,-83.85705,1,2025-02-15,1823
30.52633,-81.63737,1,2025-02-15,1823
30.02246,-83.50938,1,2025-02-15,1823
28.97672,-81.69975,1,2025-02-15,1823
32.12629,-83.02398,1,2025-02-15,1823
28.52207,-88.29085,1,2025-02-15,1823
26.42817,-81.6398,1,2025-02-15,1823
26.77752,-80.35172,1,2025-02-15,1823
26.77624,-80.35963,1,2025-02-15,1823
26.97166,-80.50063,6,2025-02-15,1823
26.975,-80.50132,1,2025-02-15,1823
27.06111,-80.4734,1,2025-02-15,1823
30.84169,-84.81355,1,2025-02-15,1823
27.06046,-80.47737,1,2025-02-15,1823
28.91511,-81.32708,1,2025-02-15,1823
27.05777,-80.47272,1,2025-02-15,1823
28.48416,-80.68163,1,2025-02-15,1823
28.02398,-81.09211,1,2025-02-15,1823
27.86641,-81.27566,1,2025-02-15,1823
27.86303,-81.27494,1,2025-02-15,1823
27.36325,-80.56675,1,2025-02-15,1823
27.27071,-80.77117,1,2025-02-15,1823
28.52661,-80.67396,1,2025-02-15,1823
28.52596,-80.67795,1,2025-02-15,1823
28.52993,-80.67465,1,2025-02-15,1823
28.52928,-80.67863,1,2025-02-15,1823
28.53325,-80.67534,1,2025-02-15,1823
28.5326,-80.67933,1,2025-02-15,1823
28.53721,-80.67205,1,2025-02-15,1823
28.52863,-80.68262,1,2025-02-15,1823
28.53527,-80.68401,1,2025-02-15,1823
28.901,-81.32829,1,2025-02-15,1823
28.89696,-81.33167,1,2025-02-15,1823
28.89764,-81.32757,1,2025-02-15,1823
28.76107,-81.4911,1,2025-02-15,1823
28.53592,-80.68002,1,2025-02-15,1823
28.54321,-80.67741,1,2025-02-15,1823
28.57067,-82.41328,1,2025-02-15,1823
28.54385,-80.67342,1,2025-02-15,1823
27.0638,-80.47806,1,2025-02-15,1823
28.53989,-80.67672,1,2025-02-15,1823
28.54053,-80.67274,1,2025-02-15,1823
35.52118,-76.04553,1,2025-02-15,1825
35.51886,-76.04684,1,2025-02-15,1825
26.42663,-81.6371,1,2025-02-15,1847
30.98394,-84.4209,2,2025-02-15,1849
31.06579,-98.41373,1,2025-02-15,1849
32.29796,-88.6069,1,2025-02-15,1849
30.98677,-84.42581,1,2025-02-15,1849
30.98735,-84.42152,1,2025-02-15,1849
30.98335,-84.42519,2,2025-02-15,1849
30.88947,-84.42647,1,2025-02-15,1849
28.52287,-88.2884,1,2025-02-15,1849
30.84235,-83.78856,1,2025-02-15,1849
30.81204,-82.06346,1,2025-02-15,1849
30.61286,-82.64844,1,2025-02-15,1849
30.02427,-83.51076,1,2025-02-15,1849
30.02078,-83.51016,1,2025-02-15,1849
29.43749,-82.80215,1,2025-02-15,1849
29.43808,-82.7975,1,2025-02-15,1849
26.97371,-80.50056,1,2025-02-15,1849
30.89005,-84.4222,1,2025-02-15,1849
28.02224,-81.08945,1,2025-02-15,1849
28.75797,-81.49237,1,2025-02-15,1849
28.74307,-81.58488,1,2025-02-15,1849
28.56695,-82.41327,1,2025-02-15,1849
28.02099,-81.08634,2,2025-02-15,1849
31.34904,-101.79614,2,2025-02-15,1851
31.34715,-101.8027,2,2025-02-15,1851
32.37633,-97.93907,1,2025-02-15,1851
32.36923,-97.94497,1,2025-02-15,1851
32.37019,-97.94108,1,2025-02-15,1851
31.34483,-101.79617,2,2025-02-15,1851
32.37539,-97.94289,1,2025-02-15,1851
32.84742,-98.40815,1,2025-02-15,1851
32.37444,-97.94674,1,2025-02-15,1851
32.85291,-98.4131,1,2025-02-15,1851
32.84872,-98.40694,1,2025-02-15,1851
32.85196,-98.41683,1,2025-02-15,1851
30.02369,-83.5085,1,2025-02-15,1912
26.55578,-80.58468,1,2025-02-15,1912
26.55857,-80.58419,1,2025-02-15,1912
28.23197,-97.18111,1,2025-02-15,1912
28.23143,-97.17932,1,2025-02-15,1912
30.02034,-83.51156,1,2025-02-15,1912
28.74215,-81.58575,1,2025-02-15,1912
28.74245,-81.58176,1,2025-02-15,1912
25.45476,-102.20641,2,2025-02-15,1912
25.45569,-102.20244,2,2025-02-15,1912
25.45032,-102.20061,2,2025-02-15,1912
25.43423,-102.19506,1,2025-02-15,1912
25.75219,-98.13795,2,2025-02-15,1912
25.74794,-98.13689,1,2025-02-15,1912
28.76042,-81.49052,1,2025-02-15,1912
25.75002,-98.13769,2,2025-02-15,1912
25.7509,-98.1332,2,2025-02-15,1912
28.02396,-81.08573,1,2025-02-15,1912
25.77214,-97.2869,1,2025-02-15,1912
27.8652,-81.27469,1,2025-02-15,1912
27.85969,-81.27419,1,2025-02-15,1912
27.86509,-81.27438,2,2025-02-15,1912
25.75427,-98.13875,2,2025-02-15,1912
31.34391,-101.79742,3,2025-02-15,1914
32.3753,-97.94383,1,2025-02-15,1914
32.37234,-97.93973,2,2025-02-15,1914
32.85064,-98.40647,1,2025-02-15,1914
32.15775,-101.90577,1,2025-02-15,1914
32.85331,-98.41314,1,2025-02-15,1914
31.34844,-101.79714,3,2025-02-15,1914
31.37826,-106.06371,1,2025-02-15,1914
33.57578,-99.43007,1,2025-02-15,1914
32.84955,-98.41199,1,2025-02-15,1914
32.03135,-98.05747,1,2025-02-15,1914
31.239,-98.14679,1,2025-02-15,1914
31.24053,-98.14323,1,2025-02-15,1914
31.24812,-97.93256,1,2025-02-15,1914
28.65013,-100.05199,1,2025-02-15,1914
28.65006,-100.04948,1,2025-02-15,1914
29.57299,-92.23589,1,2025-02-15,1914
31.23941,-98.14884,1,2025-02-15,1914
26.42224,-97.60253,1,2025-02-15,2004
25.83517,-103.56496,1,2025-02-15,2004
26.77942,-105.57693,1,2025-02-15,2004
26.70973,-107.14249,2,2025-02-15,2004
26.49479,-109.10962,1,2025-02-15,2004
26.42271,-97.59803,1,2025-02-15,2004
25.5044,-97.39947,2,2025-02-15,2004
25.47082,-97.66634,2,2025-02-15,2004
27.93844,-101.2348,1,2025-02-15,2004
27.1037,-107.22007,1,2025-02-15,2004
27.10024,-107.21931,1,2025-02-15,2004
28.10122,-108.00572,1,2025-02-15,2004
28.09774,-108.00468,1,2025-02-15,2004
29.88862,-92.15366,1,2025-02-15,2004
29.88242,-92.15318,1,2025-02-15,2004
27.52212,-109.98442,1,2025-02-15,2004
28.00467,-105.25338,2,2025-02-15,2004
28.14693,-103.80046,1,2025-02-15,2004
29.49822,-98.0844,1,2025-02-15,2004
28.14363,-103.79984,1,2025-02-15,2004
28.14478,-103.79202,1,2025-02-15,2004
28.14421,-103.79594,1,2025-02-15,2004
27.12013,-109.7711,2,2025-02-15,2004
27.02554,-109.69322,1,2025-02-15,2004
27.63466,-105.9645,2,2025-02-15,2004
28.69244,-97.71028,1,2025-02-15,2004
28.1475,-103.79655,1,2025-02-15,2004
30.70638,-112.99565,1,2025-02-15,2006
30.79653,-112.8784,2,2025-02-15,2006
33.7393,-97.17255,1,2025-02-15,2006
33.7436,-97.17945,1,2025-02-15,2006
33.74841,-97.17994,1,2025-02-15,2006
31.68061,-112.62522,1,2025-02-15,2006
32.55186,-115.38486,1,2025-02-15,2006
33.41877,-110.86178,2,2025-02-15,2006
32.55336,-115.37852,1,2025-02-15,2006
33.67303,-111.66799,1,2025-02-15,2006
33.01471,-115.32602,2,2025-02-15,2006
33.01942,-115.32754,2,2025-02-15,2006
30.94271,-107.397,1,2025-02-15,2006
32.8546,-98.41443,1,2025-02-15,2006
34.20241,-96.93865,2,2025-02-15,2006
32.85064,-98.40881,1,2025-02-15,2006
31.6373,-97.49297,1,2025-02-15,2006
32.37206,-97.94295,2,2025-02-15,2006
28.17496,-108.63954,2,2025-02-15,2006
28.17453,-108.64177,1,2025-02-15,2006
30.26913,-99.4277,1,2025-02-15,2006
28.99646,-111.55957,1,2025-02-15,2006
31.05364,-97.86866,1,2025-02-15,2006
31.05809,-97.86934,1,2025-02-15,2006
32.85044,-98.41682,1,2025-02-15,2006
31.06766,-98.41269,1,2025-02-15,2006
30.13218,-107.34309,1,2025-02-15,2006
30.13555,-107.34386,1,2025-02-15,2006
31.63676,-97.49482,1,2025-02-15,2006
31.34633,-101.7933,3,2025-02-15,2006
30.72244,-106.39399,4,2025-02-15,2006
30.72309,-106.38995,4,2025-02-15,2006
30.72574,-106.3947,4,2025-02-15,2006
31.1501,-98.06919,2,2025-02-15,2006
40.38948,-109.96321,1,2025-02-15,2008
38.23875,-114.42594,2,2025-02-15,2008
38.2427,-114.42748,2,2025-02-15,2008
38.23369,-114.42957,2,2025-02-15,2008
28.05091,-98.28925,2,2025-02-15,2027
29.88034,-92.15194,2,2025-02-15,2027
31.15169,-98.07481,1,2025-02-15,2027
31.34744,-101.80248,3,2025-02-15,2027
32.36602,-97.94276,2,2025-02-15,2027
32.85059,-98.41833,2,2025-02-15,2027
25.31282,-104.68321,1,2025-02-15,2029
25.30012,-104.04128,1,2025-02-15,2029
28.5317,-106.69505,2,2025-02-15,2029
28.17823,-108.64421,1,2025-02-15,2029
28.17476,-108.64371,1,2025-02-15,2029
28.17532,-108.63954,1,2025-02-15,2029
28.17187,-108.63889,1,2025-02-15,2029
28.10099,-108.00597,1,2025-02-15,2029
28.09742,-108.00562,1,2025-02-15,2029
27.09998,-107.21951,1,2025-02-15,2029
27.50041,-110.23943,1,2025-02-15,2029
28.05314,-98.28664,1,2025-02-15,2029
28.05715,-98.28384,2,2025-02-15,2029
28.09802,-108.00098,1,2025-02-15,2029
27.10359,-107.21842,1,2025-02-15,2029
27.09996,-107.21787,1,2025-02-15,2029
26.70946,-107.14095,1,2025-02-15,2029
28.14593,-103.79522,2,2025-02-15,2029
26.49603,-106.63436,1,2025-02-15,2029
25.68945,-102.96447,1,2025-02-15,2029
28.14543,-103.80024,1,2025-02-15,2029
26.77859,-105.5799,1,2025-02-15,2029
28.00351,-105.2538,1,2025-02-15,2029
27.52381,-109.986,1,2025-02-15,2029
27.51365,-109.86674,1,2025-02-15,2029
30.72647,-106.38824,3,2025-02-15,2031
30.72251,-106.38766,3,2025-02-15,2031
33.41925,-110.86095,1,2025-02-15,2031
30.7487,-98.61686,2,2025-02-15,2031
30.75155,-98.62024,2,2025-02-15,2031
29.2779,-110.90972,1,2025-02-15,2031
28.74989,-111.35848,1,2025-02-15,2031
28.69839,-106.96358,1,2025-02-15,2031
30.74841,-98.6225,1,2025-02-15,2031
30.7258,-106.39412,3,2025-02-15,2031
31.34876,-101.79916,2,2025-02-15,2031
31.34378,-101.79491,2,2025-02-15,2031
31.27411,-103.56757,1,2025-02-15,2031
31.56252,-102.25759,1,2025-02-15,2031
31.08124,-108.00931,1,2025-02-15,2031
31.12609,-108.27107,3,2025-02-15,2031
30.11417,-115.67661,1,2025-02-15,2031
30.79735,-112.87476,2,2025-02-15,2031
32.3703,-97.94082,2,2025-02-15,2031
34.98378,-114.55733,1,2025-02-15,2031
33.02213,-115.33175,1,2025-02-15,2031
30.49639,-109.62852,1,2025-02-15,2031
31.08042,-108.00716,1,2025-02-15,2031
31.1518,-98.06953,1,2025-02-15,2031
31.68126,-112.6251,1,2025-02-15,2031
35.51806,-113.31364,1,2025-02-15,2033
38.2145,-120.79984,1,2025-02-15,2033
38.21399,-120.79821,1,2025-02-15,2033
31.68082,-112.62452,1,2025-02-15,2053
30.79404,-112.87346,1,2025-02-15,2053
31.27468,-103.5617,2,2025-02-15,2053
28.99928,-111.56035,1,2025-02-15,2053
28.69686,-106.96162,1,2025-02-15,2053
25.0282,-107.24127,1,2025-02-15,2053
28.52853,-106.69421,2,2025-02-15,2053
28.52882,-106.69021,1,2025-02-15,2053
25.4005,-108.08039,1,2025-02-15,2053
28.10119,-108.00549,1,2025-02-15,2055
28.09973,-108.00556,1,2025-02-15,2055
28.1725,-108.63866,1,2025-02-15,2055
28.17197,-108.64468,1,2025-02-15,2055
28.17689,-108.64474,1,2025-02-15,2055
28.52873,-106.69144,2,2025-02-15,2055
32.07996,-114.97778,1,2025-02-15,2055
32.55414,-115.38057,1,2025-02-15,2055
33.0264,-112.09805,1,2025-02-15,2055
33.41471,-110.86143,1,2025-02-15,2055
38.21486,-120.80035,1,2025-02-15,2055
33.0171,-115.33079,1,2025-02-15,2055
26.70741,-107.14219,1,2025-02-15,2055
27.09862,-107.21925,1,2025-02-15,2055
27.1039,-107.2196,1,2025-02-15,2055
26.78054,-105.57542,1,2025-02-15,2055
27.10343,-107.22066,1,2025-02-15,2055
27.1216,-109.76929,1,2025-02-15,2055
27.49739,-110.23846,1,2025-02-15,2055
28.14421,-103.79176,1,2025-02-15,2055
28.14386,-103.79788,1,2025-02-15,2055
28.09633,-108.00247,1,2025-02-15,2055
27.16391,-109.96606,2,2025-02-15,2203
30.50054,-109.62691,2,2025-02-16,416
30.49848,-109.6393,2,2025-02-16,416
26.45577,-77.07915,1,2025-02-16,559
48.58878,-68.18109,1,2025-02-16,641
33.20007,-82.02823,1,2025-02-16,648
32.30132,-80.63527,1,2025-02-16,648
32.13153,-83.02719,1,2025-02-16,648
31.9347,-83.06024,1,2025-02-16,648
31.19674,-83.26635,1,2025-02-16,648
33.19737,-82.02673,1,2025-02-16,648
30.83771,-82.04791,1,2025-02-16,648
30.28021,-81.97659,1,2025-02-16,648
30.15908,-81.51558,1,2025-02-16,648
30.02552,-83.50977,1,2025-02-16,648
30.02509,-83.51303,1,2025-02-16,648
30.83416,-82.04918,1,2025-02-16,648
26.45232,-77.07642,1,2025-02-16,650
26.28141,-80.15234,1,2025-02-16,650
26.27782,-80.15291,1,2025-02-16,650
25.02735,-76.1284,1,2025-02-16,650
37.23396,-82.03676,1,2025-02-16,711
30.1595,-81.51697,1,2025-02-16,713
32.34486,-81.38709,1,2025-02-16,713
29.84071,-94.90245,1,2025-02-16,713
29.83488,-94.90841,1,2025-02-16,713
29.83456,-94.90304,1,2025-02-16,713
29.57314,-98.03369,1,2025-02-16,713
29.37598,-94.9423,1,2025-02-16,713
29.37472,-94.92103,1,2025-02-16,713
29.36796,-94.91102,1,2025-02-16,713
29.37688,-94.94212,1,2025-02-16,713
27.80184,-82.15111,1,2025-02-16,713
32.30118,-80.63528,1,2025-02-16,713
29.05374,-97.75043,1,2025-02-16,713
26.45479,-77.07678,1,2025-02-16,713
28.69847,-96.55067,1,2025-02-16,713
28.51207,-96.77576,1,2025-02-16,713
28.51648,-96.77425,1,2025-02-16,713
29.84103,-94.90784,1,2025-02-16,713
29.87315,-94.92668,1,2025-02-16,713
29.34195,-97.11318,1,2025-02-16,713
29.33521,-82.4116,1,2025-02-16,713
32.28824,-81.37435,1,2025-02-16,713
32.0663,-82.66569,1,2025-02-16,713
31.93546,-83.06071,1,2025-02-16,713
31.62048,-82.98718,1,2025-02-16,713
31.19762,-83.2659,1,2025-02-16,713
30.83814,-82.05011,1,2025-02-16,713
30.39393,-81.56002,1,2025-02-16,713
30.61149,-82.6428,1,2025-02-16,713
30.27105,-82.32687,1,2025-02-16,713
31.35077,-96.17385,1,2025-02-16,713
31.35047,-96.16714,1,2025-02-16,713
30.027,-83.51335,1,2025-02-16,713
30.02365,-83.514,1,2025-02-16,713
31.08945,-96.68203,1,2025-02-16,713
29.87243,-94.92595,1,2025-02-16,713
25.76502,-97.29501,1,2025-02-16,716
25.77065,-97.29262,1,2025-02-16,716
25.76386,-97.29315,1,2025-02-16,716
28.0615,-97.44091,1,2025-02-16,716
28.05995,-97.44399,1,2025-02-16,716
26.2813,-80.15514,1,2025-02-16,716
28.05961,-97.43675,1,2025-02-16,716
32.30106,-80.63499,1,2025-02-16,735
32.303,-80.6367,1,2025-02-16,735
31.62044,-82.98805,1,2025-02-16,735
31.1997,-83.26578,1,2025-02-16,735
30.83759,-82.0492,1,2025-02-16,735
32.24638,-97.55269,1,2025-02-16,735
30.75113,-92.25273,1,2025-02-16,737
31.30542,-96.19302,1,2025-02-16,737
31.3538,-96.16948,1,2025-02-16,737
32.15041,-103.06384,1,2025-02-16,737
32.37997,-101.57713,1,2025-02-16,737
32.05219,-100.68794,1,2025-02-16,737
32.15064,-103.06347,1,2025-02-16,737
32.37358,-101.57768,1,2025-02-16,737
31.56419,-102.26504,1,2025-02-16,737
32.05109,-100.69022,1,2025-02-16,737
31.5238,-102.08798,1,2025-02-16,737
29.76015,-93.87608,1,2025-02-16,737
31.09027,-96.68195,1,2025-02-16,737
27.81447,-97.42487,1,2025-02-16,737
27.81825,-97.46581,1,2025-02-16,737
27.82242,-97.20319,1,2025-02-16,737
27.82297,-97.20883,1,2025-02-16,737
27.82606,-97.19131,1,2025-02-16,737
27.89113,-97.26916,1,2025-02-16,737
27.8917,-97.27487,1,2025-02-16,737
27.89245,-97.27401,1,2025-02-16,737
28.14154,-99.59536,1,2025-02-16,737
28.05391,-98.28927,1,2025-02-16,737
28.05793,-97.4397,1,2025-02-16,737
28.46991,-99.11913,1,2025-02-16,737
28.49841,-99.20094,1,2025-02-16,737
28.49564,-99.20262,1,2025-02-16,737
31.09503,-96.68137,1,2025-02-16,737
28.79247,-99.00599,1,2025-02-16,737
28.70018,-96.54767,1,2025-02-16,737
28.70425,-96.54176,1,2025-02-16,737
28.99558,-97.78711,1,2025-02-16,737
26.28061,-80.15632,1,2025-02-16,737
29.05368,-97.75397,1,2025-02-16,737
27.81083,-97.59832,1,2025-02-16,737
27.81854,-97.46719,1,2025-02-16,737
27.81448,-97.42628,1,2025-02-16,737
27.27294,-101.1703,1,2025-02-16,737
25.49207,-103.40099,1,2025-02-16,737
25.45935,-100.92501,1,2025-02-16,737
25.45392,-100.9259,1,2025-02-16,737
25.60571,-100.91993,1,2025-02-16,737
25.58031,-99.93718,1,2025-02-16,737
25.58066,-99.94107,1,2025-02-16,737
25.58151,-99.93872,1,2025-02-16,737
25.58183,-99.94261,1,2025-02-16,737
25.59307,-99.9452,1,2025-02-16,737
25.69852,-100.27314,1,2025-02-16,737
29.00388,-95.40268,1,2025-02-16,737
25.70093,-100.30155,1,2025-02-16,737
25.72237,-100.30428,1,2025-02-16,737
25.72269,-100.30836,1,2025-02-16,737
25.7454,-100.24049,1,2025-02-16,737
25.75195,-100.32124,1,2025-02-16,737
25.83807,-99.02767,1,2025-02-16,737
25.78239,-97.80172,1,2025-02-16,737
25.76743,-97.29122,1,2025-02-16,737
25.76674,-97.29546,1,2025-02-16,737
25.77137,-97.29485,1,2025-02-16,737
26.10556,-98.2955,1,2025-02-16,737
25.724,-100.30746,1,2025-02-16,737
29.34376,-97.10987,1,2025-02-16,737
28.78884,-99.00617,1,2025-02-16,737
29.57828,-98.03507,1,2025-02-16,737
29.83829,-94.90446,1,2025-02-16,737
29.84248,-94.90384,1,2025-02-16,737
29.75621,-93.87669,1,2025-02-16,737
29.75689,-93.88252,1,2025-02-16,737
29.87477,-94.92625,1,2025-02-16,737
29.75947,-93.87027,1,2025-02-16,737
29.33538,-96.67803,1,2025-02-16,737
29.87752,-94.91229,1,2025-02-16,737
29.63012,-92.36578,1,2025-02-16,737
29.83762,-93.96407,1,2025-02-16,737
29.83876,-94.90891,1,2025-02-16,737
29.9618,-94.74083,1,2025-02-16,737
30.06903,-94.07417,1,2025-02-16,737
30.04831,-93.75194,1,2025-02-16,737
30.04209,-93.33371,1,2025-02-16,737
30.04435,-93.33781,1,2025-02-16,737
30.11412,-93.29862,1,2025-02-16,737
30.32588,-95.17735,1,2025-02-16,737
30.26006,-93.29038,1,2025-02-16,737
30.26165,-93.28899,1,2025-02-16,737
31.34654,-101.10132,1,2025-02-16,737
30.54085,-91.91553,1,2025-02-16,737
29.88994,-93.96204,1,2025-02-16,737
29.80285,-94.85134,1,2025-02-16,737
29.76084,-93.88191,1,2025-02-16,737
29.74729,-95.0148,1,2025-02-16,737
29.361,-94.93571,1,2025-02-16,737
29.68362,-98.18465,1,2025-02-16,737
29.75151,-95.0142,1,2025-02-16,737
29.37288,-94.91844,1,2025-02-16,737
29.37473,-94.93594,1,2025-02-16,737
29.3752,-94.94032,1,2025-02-16,737
29.37938,-94.93971,1,2025-02-16,737
29.37984,-94.9441,1,2025-02-16,737
29.48359,-95.47837,1,2025-02-16,737
29.59745,-95.01654,1,2025-02-16,737
26.45374,-77.0761,1,2025-02-16,737
29.36778,-94.91033,1,2025-02-16,737
29.71542,-95.23432,1,2025-02-16,737
29.70408,-95.24995,1,2025-02-16,737
29.74586,-95.00137,1,2025-02-16,737
29.75217,-95.10113,1,2025-02-16,737
29.74182,-95.12566,1,2025-02-16,737
29.73049,-95.22488,1,2025-02-16,737
29.9431,-96.15748,1,2025-02-16,737
29.71723,-95.18011,1,2025-02-16,737
29.7186,-95.23592,1,2025-02-16,737
29.72397,-95.23315,1,2025-02-16,737
29.71796,-95.17805,1,2025-02-16,737
29.72241,-95.2307,1,2025-02-16,737
30.08891,-90.95587,1,2025-02-16,828
30.0881,-90.95241,1,2025-02-16,828
30.46082,-92.53125,1,2025-02-16,828
30.18598,-90.98918,1,2025-02-16,828
31.30466,-96.19548,1,2025-02-16,828
31.35177,-96.16978,1,2025-02-16,828
30.32715,-91.27808,1,2025-02-16,828
32.37363,-101.57538,1,2025-02-16,828
32.27739,-101.40782,1,2025-02-16,828
30.74867,-92.25449,1,2025-02-16,828
32.24516,-97.55155,1,2025-02-16,828
32.73317,-94.25519,1,2025-02-16,828
36.18303,-115.09129,1,2025-02-16,828
36.35743,-114.90913,1,2025-02-16,828
36.3596,-114.91364,1,2025-02-16,828
30.32282,-91.23715,1,2025-02-16,828
32.45598,-97.04392,1,2025-02-16,828
36.18174,-115.09065,1,2025-02-16,828
29.75941,-93.87084,1,2025-02-16,830
30.07132,-94.05907,1,2025-02-16,830
29.04124,-111.49251,1,2025-02-16,830
30.03177,-94.04101,1,2025-02-16,830
30.00744,-93.96918,1,2025-02-16,830
28.92816,-110.82578,1,2025-02-16,830
29.62639,-92.36457,1,2025-02-16,830
29.83484,-93.96333,1,2025-02-16,830
28.60648,-111.56281,1,2025-02-16,830
29.95834,-94.74087,1,2025-02-16,830
29.05054,-110.71505,1,2025-02-16,830
29.76143,-93.87381,1,2025-02-16,830
28.09726,-108.00228,1,2025-02-16,830
29.75818,-93.87979,1,2025-02-16,830
29.75715,-93.87505,1,2025-02-16,830
26.43684,-98.73886,1,2025-02-16,830
27.02822,-103.37369,1,2025-02-16,830
29.75612,-93.87029,1,2025-02-16,830
29.7539,-93.881,1,2025-02-16,830
27.55611,-107.69479,1,2025-02-16,830
29.75287,-93.87625,1,2025-02-16,830
27.26945,-101.16899,1,2025-02-16,830
30.08037,-94.08086,1,2025-02-16,830
28.68531,-106.08785,1,2025-02-16,830
31.66981,-103.28461,1,2025-02-16,830
27.88871,-97.27419,1,2025-02-16,830
27.88778,-97.26917,1,2025-02-16,830
31.98678,-103.71442,1,2025-02-16,830
30.18111,-93.3227,1,2025-02-16,830
28.05532,-98.28672,1,2025-02-16,830
27.82727,-97.19412,1,2025-02-16,830
30.17782,-93.32903,1,2025-02-16,830
30.11433,-93.29389,1,2025-02-16,830
27.82631,-97.18903,1,2025-02-16,830
30.04072,-93.3343,1,2025-02-16,830
27.82082,-97.20097,1,2025-02-16,830
31.80925,-103.9024,1,2025-02-16,830
27.82833,-97.49871,1,2025-02-16,830
31.56126,-102.25733,1,2025-02-16,830
27.81469,-97.4248,1,2025-02-16,830
30.04708,-93.7521,1,2025-02-16,830
27.81467,-97.46606,1,2025-02-16,830
31.52281,-102.08611,1,2025-02-16,830
30.32668,-95.1759,1,2025-02-16,830
27.81376,-97.46113,1,2025-02-16,830
28.13573,-99.59063,1,2025-02-16,830
26.10194,-98.29697,1,2025-02-16,830
29.76041,-93.87563,1,2025-02-16,830
26.01867,-98.48393,1,2025-02-16,830
25.92966,-98.01551,1,2025-02-16,830
29.37591,-94.9379,1,2025-02-16,830
25.69853,-100.29578,1,2025-02-16,830
29.37332,-94.92524,1,2025-02-16,830
25.59324,-99.94378,1,2025-02-16,830
29.37159,-94.91678,1,2025-02-16,830
25.58984,-99.9445,1,2025-02-16,830
29.36986,-94.90829,1,2025-02-16,830
25.57752,-99.93431,1,2025-02-16,830
29.48075,-95.47677,1,2025-02-16,830
25.6035,-100.91821,1,2025-02-16,830
29.36199,-94.93276,1,2025-02-16,830
29.68209,-98.18241,1,2025-02-16,830
29.57458,-98.03265,1,2025-02-16,830
29.07987,-95.75767,1,2025-02-16,830
29.33892,-97.11226,1,2025-02-16,830
29.00382,-95.40022,1,2025-02-16,830
30.7851,-109.57113,1,2025-02-16,830
28.99228,-97.78955,1,2025-02-16,830
28.99316,-97.78733,1,2025-02-16,830
28.69945,-96.54044,1,2025-02-16,830
30.49476,-109.62939,2,2025-02-16,830
25.69921,-100.2998,1,2025-02-16,830
30.26083,-93.28764,1,2025-02-16,830
29.71715,-95.23727,1,2025-02-16,830
29.71354,-95.17869,1,2025-02-16,830
29.75713,-93.8816,1,2025-02-16,830
25.7669,-97.29137,1,2025-02-16,830
29.75614,-93.87685,1,2025-02-16,830
25.78101,-97.8047,1,2025-02-16,830
29.87912,-94.91131,1,2025-02-16,830
25.83783,-99.02513,1,2025-02-16,830
29.87364,-94.92596,1,2025-02-16,830
27.45503,-113.29953,1,2025-02-16,830
31.28783,-103.67242,1,2025-02-16,830
29.74427,-94.99759,1,2025-02-16,830
27.4547,-113.29494,1,2025-02-16,830
29.74817,-95.10063,1,2025-02-16,830
26.8907,-107.59251,1,2025-02-16,830
29.74032,-95.12428,1,2025-02-16,830
25.74497,-100.23259,1,2025-02-16,830
29.73579,-95.16411,1,2025-02-16,830
25.7492,-100.31901,1,2025-02-16,830
29.72269,-95.12049,1,2025-02-16,830
25.72229,-100.30384,1,2025-02-16,830
29.72659,-95.22199,1,2025-02-16,830
25.71894,-100.30453,1,2025-02-16,830
25.69785,-100.27099,1,2025-02-16,830
31.0926,-96.68047,1,2025-02-16,830
27.82178,-97.20604,1,2025-02-16,830
31.08988,-96.68404,1,2025-02-16,830
30.49947,-109.62964,1,2025-02-16,830
30.49467,-109.63014,2,2025-02-16,830
29.889,-104.65662,1,2025-02-16,830
28.69306,-97.7118,1,2025-02-16,830
28.69219,-97.70711,1,2025-02-16,830
28.51237,-96.77228,1,2025-02-16,830
28.89165,-97.83308,1,2025-02-16,830
28.78667,-99.00304,1,2025-02-16,830
28.51263,-96.79404,1,2025-02-16,830
27.89146,-97.26828,1,2025-02-16,830
32.21923,-103.52704,1,2025-02-16,830
27.93028,-97.32022,1,2025-02-16,830
28.46748,-99.11824,1,2025-02-16,830
28.35135,-98.90001,1,2025-02-16,830
28.4957,-99.19905,1,2025-02-16,830
32.28296,-104.08218,1,2025-02-16,830
32.15018,-103.05872,1,2025-02-16,830
28.05853,-97.43748,1,2025-02-16,830
25.49613,-100.99129,1,2025-02-16,832
25.48763,-103.39624,1,2025-02-16,832
32.21924,-103.52763,1,2025-02-16,854
32.14732,-103.0556,1,2025-02-16,854
30.11654,-93.29446,1,2025-02-16,854
33.41688,-110.86008,1,2025-02-16,854
31.0927,-96.68099,1,2025-02-16,854
31.0922,-96.68253,1,2025-02-16,854
30.26045,-93.28817,1,2025-02-16,854
30.08363,-94.07396,1,2025-02-16,854
29.62622,-92.36516,1,2025-02-16,854
29.62797,-92.36537,1,2025-02-16,854
30.32821,-95.17616,1,2025-02-16,854
30.32702,-95.17153,1,2025-02-16,854
33.81961,-118.24397,1,2025-02-16,854
33.81364,-118.23991,1,2025-02-16,854
33.82233,-109.98359,1,2025-02-16,854
29.75887,-93.87885,1,2025-02-16,854
29.75735,-93.87326,1,2025-02-16,854
33.71798,-117.71172,1,2025-02-16,854
35.51857,-113.31456,1,2025-02-16,854
32.75944,-102.68384,1,2025-02-16,854
30.0848,-94.07452,1,2025-02-16,854
32.37414,-101.57474,1,2025-02-16,854
28.92725,-110.82697,1,2025-02-16,856
27.2714,-101.16908,1,2025-02-16,856
28.60942,-111.56229,1,2025-02-16,856
28.60266,-111.56522,1,2025-02-16,856
28.09875,-108.00024,1,2025-02-16,856
28.60993,-111.564,1,2025-02-16,856
28.6063,-111.56461,1,2025-02-16,856
27.27057,-101.16735,1,2025-02-16,856
28.17512,-108.64164,1,2025-02-16,856
25.7694,-97.29083,1,2025-02-16,856
28.60579,-111.56291,1,2025-02-16,856
29.04153,-111.49062,1,2025-02-16,856
27.81209,-97.42878,1,2025-02-16,856
28.68728,-106.08866,1,2025-02-16,856
27.80615,-97.59297,1,2025-02-16,856
27.8159,-97.46849,1,2025-02-16,856
31.77517,-103.6293,1,2025-02-16,856
27.81647,-97.42326,1,2025-02-16,856
27.82177,-97.20467,1,2025-02-16,856
27.82271,-97.20863,1,2025-02-16,856
27.82066,-97.19783,1,2025-02-16,856
27.82259,-97.20574,1,2025-02-16,856
27.82508,-97.19224,1,2025-02-16,856
27.88975,-97.26932,1,2025-02-16,856
28.34818,-98.89809,1,2025-02-16,856
26.01982,-98.48435,1,2025-02-16,856
28.68392,-106.08939,1,2025-02-16,856
26.01594,-98.48434,1,2025-02-16,856
28.46782,-99.11778,1,2025-02-16,856
27.55575,-107.69756,1,2025-02-16,856
28.7007,-96.53896,1,2025-02-16,856
29.05312,-97.74796,1,2025-02-16,856
29.33966,-97.11111,1,2025-02-16,856
29.57736,-98.03525,1,2025-02-16,856
29.57659,-98.03197,1,2025-02-16,856
32.49458,-116.83448,1,2025-02-16,856
32.59718,-117.01285,1,2025-02-16,856
29.46845,-96.62212,1,2025-02-16,856
32.65668,-115.3476,1,2025-02-16,856
32.65703,-115.34734,1,2025-02-16,856
31.16706,-103.63554,1,2025-02-16,856
31.28687,-103.67271,1,2025-02-16,856
29.37192,-94.9146,1,2025-02-16,856
29.37323,-94.91961,1,2025-02-16,856
29.37712,-94.93452,1,2025-02-16,856
29.37841,-94.93949,1,2025-02-16,856
29.71217,-95.2321,1,2025-02-16,856
29.73863,-95.12321,1,2025-02-16,856
29.7445,-95.00076,1,2025-02-16,856
31.79642,-103.92488,1,2025-02-16,856
29.87208,-94.92361,1,2025-02-16,856
28.99556,-97.78709,1,2025-02-16,856
28.51438,-96.77113,1,2025-02-16,856
30.78518,-109.56997,1,2025-02-16,856
28.78656,-99.00507,1,2025-02-16,856
25.83861,-99.02408,1,2025-02-16,856
25.83354,-99.02545,1,2025-02-16,856
25.74345,-100.23798,1,2025-02-16,856
25.75123,-100.32028,1,2025-02-16,856
25.72281,-100.30375,1,2025-02-16,856
25.69534,-100.2692,1,2025-02-16,856
25.69686,-100.29886,1,2025-02-16,856
25.57629,-99.9373,1,2025-02-16,856
25.58978,-99.94067,1,2025-02-16,856
26.89119,-107.59544,1,2025-02-16,856
25.78332,-97.80313,1,2025-02-16,856
26.89055,-107.59156,1,2025-02-16,856
25.60233,-100.9167,1,2025-02-16,856
27.4547,-113.30038,1,2025-02-16,856
27.45078,-113.30099,1,2025-02-16,856
25.4898,-103.3975,1,2025-02-16,856
30.49458,-109.63061,1,2025-02-16,856
31.8105,-103.9021,1,2025-02-16,856
30.49801,-109.62998,1,2025-02-16,856
29.8884,-104.65741,1,2025-02-16,856
29.89187,-104.65658,1,2025-02-16,856
28.78853,-99.00502,1,2025-02-16,856
25.60345,-100.92188,1,2025-02-16,856
31.52264,-102.08411,1,2025-02-16,856
25.57755,-99.93131,1,2025-02-16,856
29.87557,-94.92336,1,2025-02-16,856
31.56118,-102.25716,1,2025-02-16,856
28.49725,-99.19926,1,2025-02-16,856
31.61049,-102.26659,1,2025-02-16,856
28.05647,-97.43805,1,2025-02-16,856
40.11251,-110.28043,1,2025-02-16,915
38.93774,-112.81806,1,2025-02-16,915
38.07336,-122.13976,1,2025-02-16,915
36.35933,-114.91281,1,2025-02-16,915
35.51675,-113.31316,1,2025-02-16,915
31.55997,-102.25983,1,2025-02-16,917
34.43168,-118.64706,1,2025-02-16,917
31.77708,-103.62897,1,2025-02-16,917
34.33567,-118.51984,1,2025-02-16,917
31.41799,-102.33933,1,2025-02-16,917
34.15359,-118.19447,1,2025-02-16,917
34.29143,-118.80266,1,2025-02-16,917
34.15282,-118.19417,1,2025-02-16,917
31.52259,-102.08741,1,2025-02-16,917
33.85388,-118.33295,1,2025-02-16,917
31.28752,-103.67631,1,2025-02-16,917
31.42022,-102.3385,1,2025-02-16,917
31.55672,-102.20112,1,2025-02-16,917
31.16688,-103.63479,1,2025-02-16,917
33.41726,-110.85773,1,2025-02-16,917
31.28656,-103.67422,1,2025-02-16,917
31.74789,-102.54728,1,2025-02-16,917
31.97269,-103.47585,1,2025-02-16,917
32.14745,-103.05703,1,2025-02-16,917
32.15088,-103.05587,1,2025-02-16,917
33.8221,-109.9817,1,2025-02-16,917
33.82159,-109.9849,1,2025-02-16,917
32.21634,-101.84748,1,2025-02-16,917
32.01099,-101.02613,1,2025-02-16,917
32.05095,-100.68502,1,2025-02-16,917
32.37509,-101.57534,1,2025-02-16,917
32.7585,-102.68545,1,2025-02-16,917
33.41391,-110.85854,1,2025-02-16,917
33.41801,-110.86206,2,2025-02-16,917
31.27292,-103.57098,1,2025-02-16,917
31.16645,-103.63469,1,2025-02-16,917
30.7867,-109.57162,1,2025-02-16,917
28.35188,-98.90289,1,2025-02-16,917
29.89026,-104.6565,1,2025-02-16,917
32.37151,-117.07074,1,2025-02-16,917
28.78712,-99.00725,1,2025-02-16,917
32.45089,-116.96149,1,2025-02-16,917
31.16725,-103.63802,1,2025-02-16,917
32.49492,-116.83562,1,2025-02-16,917
32.59846,-117.01117,1,2025-02-16,917
32.65538,-115.34602,1,2025-02-16,917
32.65879,-115.34535,1,2025-02-16,917
33.4936,-117.61678,1,2025-02-16,917
33.25555,-115.46361,1,2025-02-16,917
33.61368,-117.82306,1,2025-02-16,917
32.4985,-116.83475,1,2025-02-16,917
30.49801,-109.62745,1,2025-02-16,917
30.78594,-109.56922,1,2025-02-16,917
30.4944,-109.62836,1,2025-02-16,917
30.49533,-109.63325,1,2025-02-16,917
29.04125,-111.49236,1,2025-02-16,917
28.92659,-110.82626,1,2025-02-16,917
33.71619,-117.71241,1,2025-02-16,917
29.04877,-110.71709,1,2025-02-16,917
28.684,-106.08887,1,2025-02-16,917
28.93007,-110.82767,1,2025-02-16,917
25.49225,-103.39867,1,2025-02-16,919
25.49088,-103.39813,1,2025-02-16,919
27.45335,-113.29868,1,2025-02-16,919
25.93901,-111.35558,1,2025-02-16,919
25.7205,-100.30396,1,2025-02-16,919
25.57964,-99.93639,1,2025-02-16,919
25.72243,-100.30329,1,2025-02-16,919
27.55862,-107.69733,1,2025-02-16,919
28.60868,-111.56144,1,2025-02-16,919
27.02929,-103.37271,1,2025-02-16,919
28.17457,-108.64355,1,2025-02-16,919
27.02829,-103.37342,1,2025-02-16,919
25.72423,-100.31,1,2025-02-16,919
28.60525,-111.56222,1,2025-02-16,919
25.57989,-99.93607,1,2025-02-16,919
25.60537,-100.92152,1,2025-02-16,919
33.41957,-110.85522,2,2025-02-16,1006
38.06985,-122.1389,1,2025-02-16,1008
37.45605,-121.93308,1,2025-02-16,1008
35.51709,-113.31389,1,2025-02-16,1008
32.42343,-116.92323,1,2025-02-16,1010
32.42094,-116.92425,1,2025-02-16,1010
32.49363,-116.83194,1,2025-02-16,1010
32.3412,-115.16792,1,2025-02-16,1010
32.65759,-115.34468,1,2025-02-16,1010
34.31146,-119.26947,1,2025-02-16,1010
33.85229,-118.33043,1,2025-02-16,1010
27.45448,-113.29516,1,2025-02-16,1010
34.15084,-118.19377,1,2025-02-16,1010
34.29058,-118.80141,1,2025-02-16,1010
34.33235,-118.5192,1,2025-02-16,1010
33.71517,-117.70927,1,2025-02-16,1010
27.45369,-113.30025,1,2025-02-16,1010
34.15449,-118.19029,1,2025-02-16,1034
34.2928,-118.79917,1,2025-02-16,1034
34.15386,-118.19372,1,2025-02-16,1034
33.85366,-118.33163,1,2025-02-16,1036
34.3125,-119.26871,1,2025-02-16,1036
26.52998,-80.50083,2,2025-02-16,1444
26.52465,-80.48843,2,2025-02-16,1444
33.85659,-98.32593,2,2025-02-16,1620
30.72616,-98.01407,1,2025-02-16,1620
30.3892,-99.53304,2,2025-02-16,1620
30.39061,-99.54382,2,2025-02-16,1620
26.3981,-98.60246,1,2025-02-16,1622
25.85367,-97.61031,1,2025-02-16,1622
29.88468,-104.65733,2,2025-02-16,1622
25.86261,-97.60867,1,2025-02-16,1622
26.36484,-77.05469,2,2025-02-16,1804
26.36134,-77.05395,2,2025-02-16,1804
26.36211,-77.04958,2,2025-02-16,1804
26.35785,-77.0532,2,2025-02-16,1804
26.35435,-77.05245,2,2025-02-16,1804
26.35163,-77.04733,2,2025-02-16,1804
26.34387,-77.05022,1,2025-02-16,1804
26.34813,-77.04659,2,2025-02-16,1804
26.34387,-77.0467,2,2025-02-16,1804
26.34312,-77.05107,1,2025-02-16,1804
26.34037,-77.04947,1,2025-02-16,1804
26.34464,-77.04585,2,2025-02-16,1804
26.34736,-77.05096,3,2025-02-16,1804
26.33962,-77.05032,1,2025-02-16,1804
30.94356,-88.01325,1,2025-02-16,1806
31.14842,-87.9873,1,2025-02-16,1806
31.14794,-87.98697,1,2025-02-16,1806
26.54916,-80.52534,1,2025-02-16,1830
27.65139,-81.52087,1,2025-02-16,1830
26.34438,-77.05147,2,2025-02-16,1830
26.52971,-80.47428,1,2025-02-16,1830
26.36349,-81.04834,1,2025-02-16,1830
26.36077,-81.04385,1,2025-02-16,1830
26.36609,-77.05488,1,2025-02-16,1830
26.36669,-77.05024,1,2025-02-16,1830
26.35885,-77.05373,2,2025-02-16,1830
26.35523,-77.05318,2,2025-02-16,1830
26.36307,-77.04967,2,2025-02-16,1830
26.35162,-77.0526,2,2025-02-16,1830
26.34497,-77.04684,2,2025-02-16,1830
26.34859,-77.04741,2,2025-02-16,1830
26.35583,-77.04855,2,2025-02-16,1830
29.63165,-94.39002,2,2025-02-16,1832
29.60608,-94.65904,1,2025-02-16,1832
30.26074,-93.28625,1,2025-02-16,1832
32.62175,-83.382,1,2025-02-16,1832
31.14885,-87.98509,1,2025-02-16,1832
29.63756,-94.39198,2,2025-02-16,1832
29.6303,-94.39513,2,2025-02-16,1832
29.62437,-94.39316,1,2025-02-16,1832
29.57828,-94.52002,4,2025-02-16,1832
31.93674,-83.49052,1,2025-02-16,1832
29.63677,-94.3935,2,2025-02-16,1832
29.63218,-94.38639,2,2025-02-16,1832
29.62362,-94.39464,1,2025-02-16,1832
32.62107,-83.38615,1,2025-02-16,1832
29.58099,-94.50959,3,2025-02-16,1832
29.57368,-94.51279,1,2025-02-16,1832
29.56907,-94.50556,2,2025-02-16,1832
29.56583,-94.49316,2,2025-02-16,1832
29.58424,-94.52012,1,2025-02-16,1832
32.62507,-83.38275,1,2025-02-16,1832
32.68636,-83.62116,1,2025-02-16,1832
32.67636,-83.61888,1,2025-02-16,1832
33.85526,-98.3232,1,2025-02-16,1832
33.80879,-98.11509,1,2025-02-16,1832
31.31978,-97.79684,1,2025-02-16,1832
31.32189,-97.78973,2,2025-02-16,1832
33.85283,-98.31657,1,2025-02-16,1832
31.32399,-97.78265,2,2025-02-16,1832
31.32117,-97.79574,2,2025-02-16,1832
31.32324,-97.78862,2,2025-02-16,1832
31.32529,-97.78153,2,2025-02-16,1832
32.69017,-83.6292,2,2025-02-16,1832
32.69154,-83.62085,1,2025-02-16,1832
32.68615,-83.63262,2,2025-02-16,1832
32.68684,-83.62844,2,2025-02-16,1832
32.68752,-83.62426,1,2025-02-16,1832
32.68821,-83.62009,1,2025-02-16,1832
32.68235,-83.62458,1,2025-02-16,1832
32.68303,-83.62041,1,2025-02-16,1832
32.67901,-83.62383,1,2025-02-16,1832
32.67969,-83.61964,1,2025-02-16,1832
32.67704,-83.61471,1,2025-02-16,1832
29.55171,-94.5224,1,2025-02-16,1832
29.56718,-94.48795,2,2025-02-16,1832
29.55851,-94.49635,2,2025-02-16,1832
29.55716,-94.50156,2,2025-02-16,1832
29.55391,-94.48916,1,2025-02-16,1832
29.55662,-94.47879,2,2025-02-16,1832
29.54387,-94.50278,1,2025-02-16,1832
28.87125,-96.91467,2,2025-02-16,1832
28.87333,-96.90735,2,2025-02-16,1832
28.87482,-96.90691,2,2025-02-16,1832
31.46218,-84.61219,1,2025-02-16,1832
29.63031,-92.3675,1,2025-02-16,1832
31.44451,-83.49945,1,2025-02-16,1832
29.51088,-91.30605,1,2025-02-16,1832
30.94066,-88.01392,1,2025-02-16,1832
29.55987,-94.49114,2,2025-02-16,1832
29.56123,-94.48595,2,2025-02-16,1832
29.56258,-94.48076,2,2025-02-16,1832
29.54847,-94.50997,1,2025-02-16,1832
29.54983,-94.50477,1,2025-02-16,1832
29.55256,-94.49435,1,2025-02-16,1832
36.2676,-99.02374,2,2025-02-16,1834
37.99001,-95.45016,1,2025-02-16,1834
36.27187,-99.03308,2,2025-02-16,1834
36.27388,-99.02641,2,2025-02-16,1834
36.26562,-99.03034,2,2025-02-16,1834
35.43238,-97.37733,1,2025-02-16,1834
26.35674,-77.04836,2,2025-02-16,1851
26.34625,-77.04733,1,2025-02-16,1851
26.34101,-77.04681,1,2025-02-16,1851
26.3515,-77.04785,2,2025-02-16,1851
26.34562,-77.05063,1,2025-02-16,1851
26.34594,-77.0471,1,2025-02-16,1851
26.3407,-77.0466,1,2025-02-16,1851
26.3512,-77.05138,2,2025-02-16,1851
26.3518,-77.0443,2,2025-02-16,1851
26.34596,-77.05087,1,2025-02-16,1851
26.35645,-77.05192,2,2025-02-16,1851
26.36169,-77.05244,2,2025-02-16,1851
26.36199,-77.04888,2,2025-02-16,1851
25.76725,-97.29168,1,2025-02-16,1853
28.8733,-96.90708,1,2025-02-16,1853
29.99912,-90.39597,1,2025-02-16,1853
29.62888,-92.36492,1,2025-02-16,1853
30.01425,-90.05939,1,2025-02-16,1853
25.76634,-97.29552,1,2025-02-16,1853
29.66296,-90.75844,1,2025-02-16,1853
29.51083,-91.30634,1,2025-02-16,1853
25.68084,-98.31172,1,2025-02-16,1853
25.86932,-97.64342,1,2025-02-16,1853
27.51952,-90.09666,1,2025-02-16,1853
25.60697,-100.18049,1,2025-02-16,1853
25.60131,-100.18062,1,2025-02-16,1853
25.80093,-100.49588,2,2025-02-16,1853
25.7994,-100.50179,2,2025-02-16,1853
26.3756,-99.01708,1,2025-02-16,1853
28.87257,-96.91027,1,2025-02-16,1853
25.76562,-97.29232,1,2025-02-16,1853
25.87478,-97.64497,1,2025-02-16,1853
29.37617,-94.93848,1,2025-02-16,1853
29.55025,-94.49746,1,2025-02-16,1853
29.54417,-94.50542,1,2025-02-16,1853
29.5528,-94.71179,2,2025-02-16,1853
29.62827,-94.39438,2,2025-02-16,1853
29.63337,-94.39103,1,2025-02-16,1853
29.63244,-94.3955,2,2025-02-16,1853
29.63755,-94.39215,1,2025-02-16,1853
29.63663,-94.39663,2,2025-02-16,1853
29.5972,-94.65019,2,2025-02-16,1853
29.59623,-94.65482,2,2025-02-16,1853
29.60047,-94.65598,2,2025-02-16,1853
30.93788,-88.01164,1,2025-02-16,1853
29.57993,-94.51949,2,2025-02-16,1853
30.94117,-88.01231,1,2025-02-16,1853
30.26046,-93.28507,1,2025-02-16,1853
29.57577,-98.03353,1,2025-02-16,1853
29.25694,-99.88757,1,2025-02-16,1853
33.11937,-82.14008,1,2025-02-16,1853
31.04358,-96.75642,1,2025-02-16,1853
30.38958,-99.53264,1,2025-02-16,1853
30.39405,-99.53842,2,2025-02-16,1853
30.39508,-99.53428,1,2025-02-16,1853
33.19987,-84.24746,1,2025-02-16,1853
33.19791,-84.24439,1,2025-02-16,1853
30.94506,-88.009,1,2025-02-16,1853
29.57572,-94.51834,1,2025-02-16,1853
29.57668,-94.5138,1,2025-02-16,1853
29.57247,-94.51266,1,2025-02-16,1853
29.55119,-94.4929,1,2025-02-16,1853
29.54931,-94.502,1,2025-02-16,1853
29.54838,-94.50655,1,2025-02-16,1853
29.54744,-94.51111,1,2025-02-16,1853
29.55819,-94.48042,1,2025-02-16,1853
29.55726,-94.48495,1,2025-02-16,1853
29.56239,-94.48155,1,2025-02-16,1853
29.56146,-94.48608,1,2025-02-16,1853
29.56054,-94.49062,1,2025-02-16,1853
29.554,-94.52251,1,2025-02-16,1853
29.5666,-94.48269,2,2025-02-16,1853
29.56567,-94.48723,2,2025-02-16,1853
29.56474,-94.49176,2,2025-02-16,1853
29.56381,-94.49631,2,2025-02-16,1853
29.5708,-94.48383,2,2025-02-16,1853
29.56988,-94.48837,2,2025-02-16,1853
29.56709,-94.50201,1,2025-02-16,1853
29.56616,-94.50656,1,2025-02-16,1853
29.57315,-94.49404,1,2025-02-16,1853
29.57365,-94.5134,1,2025-02-16,1853
29.57786,-94.51455,1,2025-02-16,1853
29.58207,-94.51569,1,2025-02-16,1853
29.58114,-94.52026,1,2025-02-16,1853
30.40798,-89.52301,1,2025-02-16,1853
29.8887,-90.44457,1,2025-02-16,1853
31.31981,-97.78439,2,2025-02-16,1855
31.31755,-97.79398,1,2025-02-16,1855
36.27123,-99.02412,4,2025-02-16,1855
33.85204,-98.32095,1,2025-02-16,1855
33.85351,-98.31472,1,2025-02-16,1855
33.81057,-98.11217,1,2025-02-16,1855
32.37119,-101.57226,1,2025-02-16,1855
34.34557,-83.57659,1,2025-02-16,1855
31.32241,-97.79558,1,2025-02-16,1855
31.32541,-97.78276,2,2025-02-16,1855
33.72318,-97.16708,1,2025-02-16,1855
31.32767,-97.77311,1,2025-02-16,1855
31.32842,-97.76989,1,2025-02-16,1855
31.32466,-97.78596,2,2025-02-16,1855
31.32616,-97.77956,2,2025-02-16,1855
31.32917,-97.76669,1,2025-02-16,1855
31.3168,-97.79718,1,2025-02-16,1855
31.3183,-97.79078,2,2025-02-16,1855
31.32692,-97.77634,2,2025-02-16,1855
26.35176,-77.04896,4,2025-02-16,1927
26.35039,-77.05888,2,2025-02-16,1927
26.36061,-77.05049,4,2025-02-16,1927
26.35923,-77.06042,2,2025-02-16,1927
32.49872,-83.88475,2,2025-02-16,1927
29.88032,-90.46112,3,2025-02-16,1927
32.6196,-83.38777,1,2025-02-16,1927
31.79983,-82.58091,2,2025-02-16,1927
26.34154,-77.05733,2,2025-02-16,1927
27.85726,-80.66979,1,2025-02-16,1927
31.88435,-81.58468,2,2025-02-16,1927
29.88424,-90.46625,3,2025-02-16,1927
32.97274,-82.59521,2,2025-02-16,1929
32.98209,-82.59747,1,2025-02-16,1929
33.12086,-82.14687,1,2025-02-16,1929
29.81388,-94.50143,1,2025-02-16,1946
29.8906,-90.44017,1,2025-02-16,1946
29.89032,-90.44374,1,2025-02-16,1946
29.28164,-96.0354,1,2025-02-16,1946
29.66279,-90.75935,1,2025-02-16,1946
29.65042,-90.39552,1,2025-02-16,1946
29.56181,-90.56848,1,2025-02-16,1946
29.26184,-99.88502,1,2025-02-16,1946
29.26512,-99.88567,2,2025-02-16,1946
30.2203,-92.77573,1,2025-02-16,1946
29.89551,-90.4443,1,2025-02-16,1946
30.2604,-93.28543,1,2025-02-16,1946
30.23084,-94.62008,1,2025-02-16,1946
30.9418,-88.01549,1,2025-02-16,1946
31.14756,-87.98689,1,2025-02-16,1946
30.41675,-98.92978,1,2025-02-16,1946
30.3921,-99.53434,2,2025-02-16,1946
29.5764,-98.03399,1,2025-02-16,1946
28.34926,-104.67675,2,2025-02-16,1946
27.0672,-109.26503,1,2025-02-16,1946
29.55281,-94.50346,1,2025-02-16,1946
29.84666,-93.04639,2,2025-02-16,1946
29.84714,-93.04142,2,2025-02-16,1946
29.6626,-94.56671,2,2025-02-16,1946
29.66533,-94.56744,2,2025-02-16,1946
29.66085,-94.57088,2,2025-02-16,1946
29.65683,-94.5703,1,2025-02-16,1946
29.26124,-99.88893,1,2025-02-16,1946
29.6064,-94.65662,1,2025-02-16,1946
29.63494,-94.39732,2,2025-02-16,1946
29.63584,-94.38907,1,2025-02-16,1946
27.53543,-107.4931,1,2025-02-16,1946
29.6024,-94.65603,1,2025-02-16,1946
29.60284,-94.65205,1,2025-02-16,1946
29.63177,-94.38848,1,2025-02-16,1946
29.5984,-94.65544,1,2025-02-16,1946
30.0,-90.39567,1,2025-02-16,1946
29.58336,-94.49378,1,2025-02-16,1946
29.57224,-94.52101,1,2025-02-16,1946
29.57572,-94.48853,1,2025-02-16,1946
29.55372,-94.49536,1,2025-02-16,1946
29.63946,-94.39378,1,2025-02-16,1946
28.44708,-96.64491,1,2025-02-16,1946
28.93882,-96.28434,2,2025-02-16,1946
25.68284,-98.31044,1,2025-02-16,1946
25.67896,-98.3137,1,2025-02-16,1946
25.68009,-98.306,1,2025-02-16,1946
25.41355,-99.92554,1,2025-02-16,1946
25.41415,-99.92173,1,2025-02-16,1946
25.37783,-99.95801,1,2025-02-16,1946
25.7687,-97.29641,1,2025-02-16,1946
25.76926,-97.29236,1,2025-02-16,1946
25.51263,-97.8432,1,2025-02-16,1946
25.4948,-97.8961,1,2025-02-16,1946
25.35791,-98.13895,1,2025-02-16,1946
25.2721,-97.86205,1,2025-02-16,1946
25.12261,-97.88847,2,2025-02-16,1946
36.72748,-108.38782,1,2025-02-16,1946
35.14346,-106.82766,1,2025-02-16,1946
36.51733,-97.83926,1,2025-02-16,1946
36.27108,-99.03241,2,2025-02-16,1946
36.27169,-99.0276,2,2025-02-16,1946
36.26759,-99.03172,2,2025-02-16,1946
36.2682,-99.0269,2,2025-02-16,1946
34.94146,-100.77876,1,2025-02-16,1946
25.68227,-98.31429,1,2025-02-16,1946
25.5151,-99.82281,1,2025-02-16,1946
25.57858,-99.93701,1,2025-02-16,1946
25.62326,-99.74165,1,2025-02-16,1946
28.5228,-97.77982,2,2025-02-16,1946
27.03059,-106.34776,1,2025-02-16,1946
30.39327,-99.52628,2,2025-02-16,1946
28.44836,-96.64213,1,2025-02-16,1946
26.49683,-106.63113,1,2025-02-16,1946
28.05854,-97.4364,1,2025-02-16,1946
26.67906,-105.15936,1,2025-02-16,1946
27.82066,-97.2067,1,2025-02-16,1946
26.19891,-106.63165,1,2025-02-16,1946
26.19452,-106.63065,1,2025-02-16,1946
28.87917,-96.90607,1,2025-02-16,1946
26.86861,-101.46563,1,2025-02-16,1946
26.29782,-98.72784,1,2025-02-16,1946
26.28019,-98.73251,1,2025-02-16,1946
26.19944,-98.63499,1,2025-02-16,1946
25.90481,-100.1177,2,2025-02-16,1946
25.79892,-100.5023,2,2025-02-16,1946
25.79955,-100.49842,2,2025-02-16,1946
25.79623,-100.49779,2,2025-02-16,1946
25.79789,-100.40229,3,2025-02-16,1946
25.79727,-100.40615,3,2025-02-16,1946
25.44147,-100.93257,1,2025-02-16,1946
26.29725,-98.73168,1,2025-02-16,1946
30.39268,-99.53032,2,2025-02-16,1946
29.63088,-94.39673,2,2025-02-16,1946
30.39599,-99.53097,2,2025-02-16,1946
31.32767,-97.78822,1,2025-02-16,1946
31.32651,-97.79738,1,2025-02-16,1946
31.33464,-97.76149,1,2025-02-16,1946
31.33406,-97.76605,2,2025-02-16,1946
31.33348,-97.77061,2,2025-02-16,1946
31.33116,-97.78885,1,2025-02-16,1946
31.32825,-97.78365,1,2025-02-16,1946
31.33058,-97.79344,1,2025-02-16,1946
31.33755,-97.76671,2,2025-02-16,1946
31.33697,-97.77128,2,2025-02-16,1946
31.33639,-97.77584,2,2025-02-16,1946
31.33465,-97.78947,1,2025-02-16,1946
31.33407,-97.79404,2,2025-02-16,1946
31.33756,-97.79465,2,2025-02-16,1946
31.32883,-97.80713,1,2025-02-16,1946
31.32813,-97.80402,1,2025-02-16,1946
31.33814,-97.79011,1,2025-02-16,1946
31.33174,-97.77663,2,2025-02-16,1946
31.33054,-97.78574,1,2025-02-16,1946
30.39657,-99.52693,2,2025-02-16,1946
30.3954,-99.53499,2,2025-02-16,1946
30.39482,-99.53901,2,2025-02-16,1946
30.39929,-99.53162,2,2025-02-16,1946
30.39871,-99.53563,2,2025-02-16,1946
30.39812,-99.53965,1,2025-02-16,1946
30.39151,-99.53836,2,2025-02-16,1946
30.57655,-99.38578,2,2025-02-16,1946
30.72275,-98.0149,1,2025-02-16,1946
30.57987,-99.38642,2,2025-02-16,1946
31.32644,-97.7897,1,2025-02-16,1946
31.32524,-97.79883,1,2025-02-16,1946
31.32994,-97.79032,1,2025-02-16,1946
31.33353,-97.76297,1,2025-02-16,1946
31.33233,-97.77207,2,2025-02-16,1946
33.85722,-98.32034,1,2025-02-16,1949
33.85645,-98.32217,1,2025-02-16,1949
33.81375,-98.11985,2,2025-02-16,1949
33.81022,-98.1192,2,2025-02-16,1949
33.85355,-98.3168,1,2025-02-16,1949
33.72452,-97.16586,1,2025-02-16,1949
33.72022,-97.17054,1,2025-02-16,1949
33.77262,-93.16577,2,2025-02-16,1949
33.77309,-93.1641,2,2025-02-16,1949
33.81142,-98.1096,1,2025-02-16,1949
25.12379,-97.88774,1,2025-02-16,2010
25.12134,-97.89053,1,2025-02-16,2010
25.41098,-99.92068,1,2025-02-16,2010
25.41463,-99.92519,1,2025-02-16,2010
25.68138,-98.30675,1,2025-02-16,2010
25.68085,-98.31184,1,2025-02-16,2010
25.68033,-98.31695,1,2025-02-16,2010
25.81974,-97.55247,1,2025-02-16,2010
25.57751,-99.93362,1,2025-02-16,2010
25.62446,-99.73977,1,2025-02-16,2010
25.64031,-99.67409,1,2025-02-16,2010
25.60234,-100.92056,1,2025-02-16,2010
25.71384,-100.11504,1,2025-02-16,2010
25.71791,-100.11558,1,2025-02-16,2010
25.93618,-98.26025,2,2025-02-16,2010
25.93567,-98.25809,2,2025-02-16,2010
25.90667,-98.98984,1,2025-02-16,2010
25.79586,-100.49898,1,2025-02-16,2010
25.7988,-100.40608,2,2025-02-16,2010
25.79983,-100.4996,1,2025-02-16,2010
25.624,-99.74392,1,2025-02-16,2010
25.7948,-100.40553,1,2025-02-16,2010
25.79823,-100.49548,1,2025-02-16,2010
26.28072,-98.73038,1,2025-02-16,2010
26.1978,-98.63241,1,2025-02-16,2010
26.07858,-99.61325,1,2025-02-16,2010
26.15851,-98.4808,1,2025-02-16,2010
26.15397,-98.48023,1,2025-02-16,2010
25.97115,-100.16156,1,2025-02-16,2010
25.90679,-100.11683,1,2025-02-16,2010
25.97071,-100.16552,1,2025-02-16,2010
25.82554,-100.57455,2,2025-02-16,2010
25.82093,-100.57949,2,2025-02-16,2010
25.82158,-100.57388,2,2025-02-16,2010
25.80156,-100.50182,1,2025-02-16,2010
25.79758,-100.50118,1,2025-02-16,2010
25.82489,-100.58016,2,2025-02-16,2010
30.39737,-99.53899,2,2025-02-16,2012
31.32874,-97.7916,2,2025-02-16,2012
31.32929,-97.78468,2,2025-02-16,2012
31.32317,-97.79781,2,2025-02-16,2012
30.58174,-99.38579,1,2025-02-16,2012
30.57721,-99.38523,1,2025-02-16,2012
30.39786,-99.53378,2,2025-02-16,2012
27.33058,-100.28393,1,2025-02-16,2012
30.3929,-99.53836,2,2025-02-16,2012
30.39338,-99.53316,2,2025-02-16,2012
30.39387,-99.52795,2,2025-02-16,2012
30.39436,-99.52272,2,2025-02-16,2012
30.39981,-99.53658,2,2025-02-16,2012
31.33486,-97.77856,3,2025-02-16,2012
30.40034,-99.53137,2,2025-02-16,2012
26.67924,-105.16131,1,2025-02-16,2012
31.33433,-97.78527,3,2025-02-16,2012
30.76789,-108.35931,1,2025-02-16,2012
31.33882,-97.7926,2,2025-02-16,2012
28.88603,-96.91409,1,2025-02-16,2012
26.4014,-98.93507,1,2025-02-16,2012
25.34801,-106.91914,1,2025-02-16,2012
26.40079,-98.93318,1,2025-02-16,2012
26.86627,-101.46338,1,2025-02-16,2012
26.19468,-106.63009,2,2025-02-16,2012
31.33378,-97.79208,2,2025-02-16,2012
26.19799,-106.63072,2,2025-02-16,2012
30.77122,-108.36005,1,2025-02-16,2012
30.39482,-99.54117,2,2025-02-16,2012
30.49789,-109.62648,2,2025-02-16,2012
30.24591,-107.98151,1,2025-02-16,2012
31.34385,-97.79326,3,2025-02-16,2012
31.33827,-97.79942,2,2025-02-16,2012
32.69958,-95.39141,1,2025-02-16,2012
30.39534,-99.53596,2,2025-02-16,2012
30.39834,-99.52856,2,2025-02-16,2012
30.39638,-99.52555,2,2025-02-16,2012
30.39586,-99.53078,2,2025-02-16,2012
29.37397,-94.93661,1,2025-02-16,2012
29.5525,-94.49289,1,2025-02-16,2012
29.60294,-94.64713,2,2025-02-16,2012
29.60261,-94.65207,2,2025-02-16,2012
29.60229,-94.657,2,2025-02-16,2012
29.63196,-94.38643,1,2025-02-16,2012
29.6313,-94.39668,1,2025-02-16,2012
29.63802,-94.38689,1,2025-02-16,2012
29.63769,-94.39201,1,2025-02-16,2012
28.34934,-104.67577,2,2025-02-16,2012
29.63736,-94.39712,1,2025-02-16,2012
28.93708,-96.28226,2,2025-02-16,2012
28.88173,-96.90307,1,2025-02-16,2012
27.53788,-107.49358,1,2025-02-16,2012
28.77649,-95.85459,1,2025-02-16,2012
27.73403,-105.15654,1,2025-02-16,2012
27.06651,-109.26088,1,2025-02-16,2012
28.52385,-97.77768,1,2025-02-16,2012
28.51897,-97.77711,1,2025-02-16,2012
27.02888,-106.34669,1,2025-02-16,2012
26.49618,-106.63232,1,2025-02-16,2012
29.6054,-94.64886,3,2025-02-16,2012
28.34596,-104.67518,2,2025-02-16,2012
28.15428,-105.5442,1,2025-02-16,2012
25.93459,-109.16325,1,2025-02-16,2012
29.66437,-94.5685,1,2025-02-16,2012
29.26343,-99.88623,2,2025-02-16,2012
29.26775,-99.88682,1,2025-02-16,2012
29.75034,-94.16571,1,2025-02-16,2012
29.75681,-94.16081,2,2025-02-16,2012
29.75648,-94.16614,2,2025-02-16,2012
29.75037,-94.16332,2,2025-02-16,2012
29.75652,-94.16377,2,2025-02-16,2012
29.75621,-94.16911,2,2025-02-16,2012
29.57452,-98.03439,1,2025-02-16,2012
29.57728,-98.03104,1,2025-02-16,2012
28.68573,-106.08736,1,2025-02-16,2012
30.2431,-93.44817,1,2025-02-16,2012
30.41704,-98.93043,1,2025-02-16,2012
30.39139,-99.53014,1,2025-02-16,2012
30.39191,-99.52497,1,2025-02-16,2012
30.39087,-99.53534,1,2025-02-16,2012
29.65837,-94.56805,1,2025-02-16,2012
26.67592,-105.16071,1,2025-02-16,2012
29.63858,-94.39342,1,2025-02-16,2012
29.63223,-94.39809,1,2025-02-16,2012
29.63282,-94.38783,1,2025-02-16,2012
29.63888,-94.38831,1,2025-02-16,2012
32.32645,-101.45958,1,2025-02-16,2014
32.37658,-101.57455,1,2025-02-16,2014
31.54726,-111.487,1,2025-02-16,2014
31.54631,-111.49207,1,2025-02-16,2014
31.55059,-111.53031,1,2025-02-16,2014
31.55519,-111.52621,1,2025-02-16,2014
31.56887,-111.53495,1,2025-02-16,2014
32.40621,-106.82267,1,2025-02-16,2014
33.81127,-98.1139,1,2025-02-16,2014
33.81153,-98.11036,1,2025-02-16,2014
33.81102,-98.11742,1,2025-02-16,2014
33.41741,-110.86087,1,2025-02-16,2014
36.27113,-99.02721,2,2025-02-16,2014
36.27061,-99.03397,2,2025-02-16,2014
36.2667,-99.02846,2,2025-02-16,2014
33.71951,-97.16821,1,2025-02-16,2014
31.55425,-111.53123,1,2025-02-16,2014
36.72612,-108.3857,1,2025-02-16,2014
36.27164,-99.02905,2,2025-02-16,2014
26.39838,-98.93269,2,2025-02-16,2033
29.26359,-99.87955,1,2025-02-16,2033
27.55696,-110.09225,1,2025-02-16,2033
28.07059,-98.30951,1,2025-02-16,2033
26.49483,-106.63312,1,2025-02-16,2033
26.86716,-101.46337,1,2025-02-16,2033
26.86302,-101.46346,1,2025-02-16,2033
26.19721,-106.63197,1,2025-02-16,2033
25.61307,-108.69304,1,2025-02-16,2033
25.79607,-100.49566,1,2025-02-16,2033
26.3975,-98.9358,1,2025-02-16,2033
26.39787,-98.92993,1,2025-02-16,2033
25.82527,-100.57816,2,2025-02-16,2033
25.82562,-100.57359,2,2025-02-16,2033
25.81946,-100.57732,2,2025-02-16,2033
29.26326,-99.88517,1,2025-02-16,2033
25.79668,-100.4054,1,2025-02-16,2033
25.93491,-98.2598,1,2025-02-16,2033
25.93527,-98.25333,1,2025-02-16,2033
25.51527,-99.8214,1,2025-02-16,2033
25.51608,-99.82249,1,2025-02-16,2033
25.8198,-100.57276,1,2025-02-16,2033
25.62036,-99.73792,1,2025-02-16,2033
25.6207,-99.73959,1,2025-02-16,2033
25.67879,-98.31186,1,2025-02-16,2033
25.71202,-100.1149,1,2025-02-16,2033
25.93146,-98.25281,1,2025-02-16,2033
25.93105,-98.25925,1,2025-02-16,2033
25.79665,-100.49799,1,2025-02-16,2033
25.71572,-100.1116,1,2025-02-16,2033
25.79572,-100.50037,1,2025-02-16,2033
35.28611,-99.96586,1,2025-02-16,2036
33.41895,-110.85888,1,2025-02-16,2036
33.41543,-110.85821,1,2025-02-16,2036
31.29617,-116.25617,1,2025-02-16,2036
31.55574,-111.53344,1,2025-02-16,2036
29.89181,-104.65546,1,2025-02-16,2036
31.34272,-97.79108,2,2025-02-16,2036
31.34295,-97.78313,2,2025-02-16,2036
31.33561,-97.79052,2,2025-02-16,2036
31.3388,-97.79223,2,2025-02-16,2036
31.33168,-97.7921,2,2025-02-16,2036
31.33196,-97.78378,2,2025-02-16,2036
31.33224,-97.77563,2,2025-02-16,2036
31.32485,-97.7835,2,2025-02-16,2036
30.57678,-99.38456,1,2025-02-16,2036
30.57722,-99.38211,1,2025-02-16,2036
30.40025,-99.52995,2,2025-02-16,2036
30.3935,-99.53579,2,2025-02-16,2036
30.39381,-99.52943,2,2025-02-16,2036
30.39443,-99.51675,1,2025-02-16,2036
30.39412,-99.52303,2,2025-02-16,2036
30.41531,-98.92837,1,2025-02-16,2036
30.41162,-98.92617,1,2025-02-16,2036
31.56928,-111.53595,1,2025-02-16,2036
31.57105,-111.52311,1,2025-02-16,2036
30.49704,-109.62653,1,2025-02-16,2036
31.54859,-111.484,1,2025-02-16,2036
31.54917,-111.47973,1,2025-02-16,2036
31.55235,-111.53281,1,2025-02-16,2036
31.54801,-111.48827,1,2025-02-16,2036
31.54743,-111.49254,1,2025-02-16,2036
30.76814,-108.36069,1,2025-02-16,2036
31.54627,-111.50107,1,2025-02-16,2036
31.54897,-111.53219,1,2025-02-16,2036
31.55294,-111.52854,1,2025-02-16,2036
31.54685,-111.4968,1,2025-02-16,2036
36.26659,-99.0228,2,2025-02-16,2038
36.26641,-99.03045,2,2025-02-16,2038
25.87308,-97.64859,2,2025-02-16,2103
25.61678,-99.73844,1,2025-02-16,2103
25.81844,-100.57823,3,2025-02-16,2103
25.81705,-100.58878,2,2025-02-16,2103
26.39218,-98.93036,2,2025-02-16,2103
26.39064,-98.94332,2,2025-02-16,2103
25.47334,-107.95898,2,2025-02-16,2103
25.20408,-97.80067,2,2025-02-16,2103
25.57169,-99.93824,1,2025-02-16,2103
29.26291,-99.89643,1,2025-02-16,2105
30.39412,-99.55192,2,2025-02-16,2105
30.575,-99.38936,2,2025-02-16,2105
30.38554,-99.53622,2,2025-02-16,2105
30.41039,-98.93184,2,2025-02-16,2105
29.26446,-99.8837,2,2025-02-16,2105
29.74859,-94.18827,3,2025-02-16,2105
30.39575,-99.53787,4,2025-02-16,2105
29.74952,-94.18351,2,2025-02-16,2105
29.58839,-94.50054,3,2025-02-16,2105
28.34692,-104.68825,2,2025-02-16,2105
28.34857,-104.67791,2,2025-02-16,2105
28.88401,-96.90952,2,2025-02-16,2105
28.06401,-98.31391,2,2025-02-16,2105
27.98176,-98.50783,2,2025-02-16,2105
29.73469,-94.18207,2,2025-02-16,2105
30.39739,-99.5237,3,2025-02-16,2105
31.54785,-111.47751,3,2025-02-16,2108
31.32584,-97.80638,2,2025-02-16,2108
31.33944,-97.789,4,2025-02-16,2108
31.3361,-97.79559,2,2025-02-16,2108
31.55093,-111.52637,2,2025-02-16,2108
35.27782,-99.9697,2,2025-02-16,2108
36.27138,-99.03239,2,2025-02-16,2108
31.32776,-97.78737,2,2025-02-16,2108
31.54861,-111.48242,2,2025-02-16,2129
31.55425,-111.5098,2,2025-02-16,2129
31.55534,-111.48266,2,2025-02-16,2129
31.5618,-111.48977,2,2025-02-16,2129
31.56097,-111.51003,2,2025-02-16,2129
31.56153,-111.49653,2,2025-02-16,2129
40.54888,-122.52685,1,2025-02-16,2129
39.77274,-121.89783,1,2025-02-16,2129
40.54845,-122.5312,1,2025-02-16,2129
31.54737,-116.22534,2,2025-02-16,2129
31.56683,-111.53139,2,2025-02-16,2129
31.54712,-116.22862,2,2025-02-16,2129
31.5677,-111.5103,2,2025-02-16,2129
31.54688,-116.23195,2,2025-02-16,2129
