latitude,longitude,path,row,scan,track,acq_date,acq_time,satellite,confidence,daynight
45.280418,-66.01844,009,028,1886,6716,2025-02-15,1507,L9,low,D
45.279629,-66.017633,009,028,1888,6719,2025-02-15,1507,L9,low,D
45.279639,-66.017251,009,028,1889,6719,2025-02-15,1507,L9,high,D
45.280418,-66.01844,009,029,3406,1496,2025-02-15,1507,L9,high,D
45.279899,-66.017647,009,029,3408,1498,2025-02-15,1507,L9,high,D
45.279909,-66.017265,009,029,3409,1498,2025-02-15,1507,L9,low,D
32.299237,-81.400276,017,038,5901,1868,2025-02-15,1600,L8,high,D
30.084046,-83.277,017,039,1112,4691,2025-02-15,1601,L8,high,D
30.084051,-83.276689,017,039,1113,4691,2025-02-15,1601,L8,high,D
30.285419,-83.196197,017,039,1386,3952,2025-02-15,1601,L8,high,D
30.284336,-83.196173,017,039,1386,3956,2025-02-15,1601,L8,high,D
30.284612,-83.195868,017,039,1387,3955,2025-02-15,1601,L8,high,D
30.43836,-83.161516,017,039,1508,3389,2025-02-15,1601,L8,high,D
30.438089,-83.16151,017,039,1508,3390,2025-02-15,1601,L8,high,D
30.444134,-83.156021,017,039,1526,3368,2025-02-15,1601,L8,high,D
30.444139,-83.155709,017,039,1527,3368,2025-02-15,1601,L8,medium,D
30.443869,-83.155703,017,039,1527,3369,2025-02-15,1601,L8,high,D
30.278574,-83.152079,017,039,1527,3980,2025-02-15,1601,L8,high,D
30.443874,-83.155391,017,039,1528,3369,2025-02-15,1601,L8,high,D
30.443608,-83.155072,017,039,1529,3370,2025-02-15,1601,L8,high,D
30.443614,-83.15476,017,039,1530,3370,2025-02-15,1601,L8,high,D
30.443619,-83.154448,017,039,1531,3370,2025-02-15,1601,L8,high,D
30.443624,-83.154136,017,039,1532,3370,2025-02-15,1601,L8,high,D
30.443629,-83.153824,017,039,1533,3370,2025-02-15,1601,L8,high,D
30.443634,-83.153511,017,039,1534,3370,2025-02-15,1601,L8,high,D
30.338256,-83.024524,017,039,1940,3767,2025-02-15,1601,L8,high,D
30.338531,-83.024217,017,039,1941,3766,2025-02-15,1601,L8,high,D
30.338261,-83.024212,017,039,1941,3767,2025-02-15,1601,L8,high,D
30.338536,-83.023905,017,039,1942,3766,2025-02-15,1601,L8,high,D
30.338541,-83.023593,017,039,1943,3766,2025-02-15,1601,L8,high,D
30.403885,-83.015886,017,039,1972,3525,2025-02-15,1601,L8,high,D
29.688004,-82.980356,017,039,2040,6172,2025-02-15,1601,L8,high,D
29.804171,-82.940434,017,039,2176,5745,2025-02-15,1601,L8,high,D
30.161707,-82.940859,017,039,2197,4424,2025-02-15,1601,L8,high,D
30.161983,-82.940553,017,039,2198,4423,2025-02-15,1601,L8,high,D
30.161712,-82.940548,017,039,2198,4424,2025-02-15,1601,L8,high,D
30.073118,-82.928236,017,039,2232,4752,2025-02-15,1601,L8,medium,D
30.074751,-82.927645,017,039,2234,4746,2025-02-15,1601,L8,medium,D
30.07448,-82.92764,017,039,2234,4747,2025-02-15,1601,L8,high,D
30.074755,-82.927334,017,039,2235,4746,2025-02-15,1601,L8,high,D
30.07476,-82.927023,017,039,2236,4746,2025-02-15,1601,L8,high,D
30.074489,-82.927018,017,039,2236,4747,2025-02-15,1601,L8,high,D
29.537984,-82.873112,017,039,2377,6732,2025-02-15,1601,L8,high,D
29.537713,-82.873107,017,039,2377,6733,2025-02-15,1601,L8,high,D
29.537442,-82.873102,017,039,2377,6734,2025-02-15,1601,L8,high,D
29.537172,-82.873097,017,039,2377,6735,2025-02-15,1601,L8,high,D
29.537988,-82.872802,017,039,2378,6732,2025-02-15,1601,L8,high,D
29.537717,-82.872797,017,039,2378,6733,2025-02-15,1601,L8,high,D
29.537447,-82.872792,017,039,2378,6734,2025-02-15,1601,L8,high,D
29.537176,-82.872787,017,039,2378,6735,2025-02-15,1601,L8,high,D
29.538263,-82.872498,017,039,2379,6731,2025-02-15,1601,L8,high,D
29.537992,-82.872493,017,039,2379,6732,2025-02-15,1601,L8,high,D
29.538267,-82.872189,017,039,2380,6731,2025-02-15,1601,L8,high,D
29.538272,-82.871879,017,039,2381,6731,2025-02-15,1601,L8,high,D
29.538276,-82.87157,017,039,2382,6731,2025-02-15,1601,L8,high,D
30.172211,-82.752291,017,039,2803,4395,2025-02-15,1601,L8,high,D
29.606482,-82.732509,017,039,2835,6486,2025-02-15,1601,L8,medium,D
29.605941,-82.7325,017,039,2835,6488,2025-02-15,1601,L8,medium,D
29.990043,-82.732291,017,039,2857,5069,2025-02-15,1601,L8,low,D
29.659322,-82.70738,017,039,2919,6292,2025-02-15,1601,L8,high,D
29.724103,-82.636216,017,039,3152,6056,2025-02-15,1601,L8,high,D
30.057326,-82.591572,017,039,3313,4827,2025-02-15,1601,L8,low,D
30.057055,-82.591567,017,039,3313,4828,2025-02-15,1601,L8,high,D
29.644835,-82.565208,017,039,3377,6352,2025-02-15,1601,L8,high,D
29.644564,-82.565203,017,039,3377,6353,2025-02-15,1601,L8,high,D
29.644839,-82.564898,017,039,3378,6352,2025-02-15,1601,L8,high,D
29.644568,-82.564894,017,039,3378,6353,2025-02-15,1601,L8,high,D
29.645413,-82.562118,017,039,3387,6350,2025-02-15,1601,L8,high,D
29.644601,-82.562105,017,039,3387,6353,2025-02-15,1601,L8,medium,D
30.030906,-82.560041,017,039,3413,4926,2025-02-15,1601,L8,medium,D
30.030635,-82.560036,017,039,3413,4927,2025-02-15,1601,L8,high,D
30.030364,-82.560032,017,039,3413,4928,2025-02-15,1601,L8,medium,D
30.030909,-82.559729,017,039,3414,4926,2025-02-15,1601,L8,high,D
29.470378,-82.431968,017,039,3799,7002,2025-02-15,1601,L8,high,D
30.05308,-82.367466,017,039,4033,4852,2025-02-15,1601,L8,high,D
30.054437,-82.367174,017,039,4034,4847,2025-02-15,1601,L8,high,D
30.054166,-82.36717,017,039,4034,4848,2025-02-15,1601,L8,high,D
30.053895,-82.367166,017,039,4034,4849,2025-02-15,1601,L8,high,D
30.053625,-82.367163,017,039,4034,4850,2025-02-15,1601,L8,high,D
30.053354,-82.367159,017,039,4034,4851,2025-02-15,1601,L8,high,D
29.868214,-82.338848,017,039,4117,5536,2025-02-15,1601,L8,high,D
29.868488,-82.338541,017,039,4118,5535,2025-02-15,1601,L8,high,D
29.868217,-82.338537,017,039,4118,5536,2025-02-15,1601,L8,high,D
29.867947,-82.338533,017,039,4118,5537,2025-02-15,1601,L8,high,D
29.424807,-82.252899,017,039,4376,7177,2025-02-15,1601,L8,high,D
29.456175,-82.104181,017,039,4858,7066,2025-02-15,1601,L8,high,D
29.34115,-82.09954,017,039,4869,7491,2025-02-15,1601,L8,high,D
29.491184,-81.953236,017,039,5347,6941,2025-02-15,1601,L8,high,D
30.028199,-81.850997,017,039,5692,4960,2025-02-15,1601,L8,medium,D
30.101866,-81.803057,017,039,5848,4689,2025-02-15,1601,L8,high,D
30.101868,-81.802745,017,039,5849,4689,2025-02-15,1601,L8,high,D
30.101597,-81.802743,017,039,5849,4690,2025-02-15,1601,L8,medium,D
27.834619,-82.83572,017,041,4961,2456,2025-02-15,1601,L8,high,D
27.552772,-82.546048,017,041,5899,3510,2025-02-15,1601,L8,low,D
28.074668,-82.535142,017,041,5959,1583,2025-02-15,1601,L8,high,D
28.074672,-82.534837,017,041,5960,1583,2025-02-15,1601,L8,high,D
27.411869,-82.289198,017,041,6739,4040,2025-02-15,1601,L8,low,D
27.994917,-82.226211,017,041,6968,1889,2025-02-15,1601,L8,high,D
28.084854,-82.191204,017,041,7086,1558,2025-02-15,1601,L8,high,D
28.084584,-82.191201,017,041,7086,1559,2025-02-15,1601,L8,low,D
28.084857,-82.190898,017,041,7087,1558,2025-02-15,1601,L8,high,D
28.068605,-82.159886,017,041,7188,1619,2025-02-15,1601,L8,high,D
27.876309,-82.098103,017,041,7384,2331,2025-02-15,1601,L8,low,D
28.102236,-82.05245,017,041,7541,1498,2025-02-15,1601,L8,medium,D
29.688004,-82.980356,017,040,3320,882,2025-02-15,1601,L8,high,D
29.537984,-82.873112,017,040,3657,1442,2025-02-15,1601,L8,high,D
29.537713,-82.873107,017,040,3657,1443,2025-02-15,1601,L8,high,D
29.537442,-82.873102,017,040,3657,1444,2025-02-15,1601,L8,high,D
29.537172,-82.873097,017,040,3657,1445,2025-02-15,1601,L8,high,D
29.537988,-82.872802,017,040,3658,1442,2025-02-15,1601,L8,high,D
29.537717,-82.872797,017,040,3658,1443,2025-02-15,1601,L8,high,D
29.537447,-82.872792,017,040,3658,1444,2025-02-15,1601,L8,high,D
29.537176,-82.872787,017,040,3658,1445,2025-02-15,1601,L8,high,D
29.538263,-82.872498,017,040,3659,1441,2025-02-15,1601,L8,high,D
29.538267,-82.872189,017,040,3660,1441,2025-02-15,1601,L8,high,D
29.538272,-82.871879,017,040,3661,1441,2025-02-15,1601,L8,high,D
29.538276,-82.87157,017,040,3662,1441,2025-02-15,1601,L8,high,D
29.470204,-82.802573,017,040,3881,1696,2025-02-15,1601,L8,high,D
29.659322,-82.70738,017,040,4199,1002,2025-02-15,1601,L8,medium,D
28.322148,-82.672697,017,040,4241,5943,2025-02-15,1601,L8,high,D
28.322151,-82.672391,017,040,4242,5943,2025-02-15,1601,L8,high,D
28.305733,-82.664486,017,040,4267,6004,2025-02-15,1601,L8,low,D
28.305462,-82.664482,017,040,4267,6005,2025-02-15,1601,L8,high,D
28.30439,-82.663548,017,040,4270,6009,2025-02-15,1601,L8,high,D
28.344333,-82.629283,017,040,4384,5863,2025-02-15,1601,L8,high,D
28.344336,-82.628977,017,040,4385,5863,2025-02-15,1601,L8,high,D
29.724103,-82.636216,017,040,4432,766,2025-02-15,1601,L8,high,D
28.411713,-82.562944,017,040,4604,5617,2025-02-15,1601,L8,low,D
28.792668,-82.560909,017,040,4629,4210,2025-02-15,1601,L8,medium,D
29.172249,-82.558908,017,040,4654,2808,2025-02-15,1601,L8,high,D
29.171979,-82.558904,017,040,4654,2809,2025-02-15,1601,L8,high,D
29.644561,-82.565513,017,040,4656,1063,2025-02-15,1601,L8,medium,D
29.644835,-82.565208,017,040,4657,1062,2025-02-15,1601,L8,high,D
29.644564,-82.565203,017,040,4657,1063,2025-02-15,1601,L8,high,D
29.644839,-82.564898,017,040,4658,1062,2025-02-15,1601,L8,high,D
29.644568,-82.564894,017,040,4658,1063,2025-02-15,1601,L8,high,D
29.645413,-82.562118,017,040,4667,1060,2025-02-15,1601,L8,high,D
29.644601,-82.562105,017,040,4667,1063,2025-02-15,1601,L8,medium,D
28.074668,-82.535142,017,040,4679,6863,2025-02-15,1601,L8,high,D
28.074672,-82.534837,017,040,4680,6863,2025-02-15,1601,L8,high,D
28.583231,-82.527133,017,040,4729,4985,2025-02-15,1601,L8,high,D
28.211094,-82.514165,017,040,4754,6360,2025-02-15,1601,L8,high,D
28.542721,-82.468905,017,040,4917,5137,2025-02-15,1601,L8,low,D
28.54245,-82.468901,017,040,4917,5138,2025-02-15,1601,L8,high,D
28.542453,-82.468595,017,040,4918,5138,2025-02-15,1601,L8,low,D
28.50358,-82.457941,017,040,4951,5282,2025-02-15,1601,L8,high,D
28.622879,-82.442096,017,040,5008,4842,2025-02-15,1601,L8,high,D
29.470378,-82.431968,017,040,5079,1712,2025-02-15,1601,L8,high,D
29.149923,-82.424417,017,040,5089,2896,2025-02-15,1601,L8,medium,D
29.149653,-82.424413,017,040,5089,2897,2025-02-15,1601,L8,high,D
28.481886,-82.409839,017,040,5107,5364,2025-02-15,1601,L8,high,D
28.48216,-82.409536,017,040,5108,5363,2025-02-15,1601,L8,high,D
28.481889,-82.409532,017,040,5108,5364,2025-02-15,1601,L8,high,D
28.979113,-82.396515,017,040,5172,3528,2025-02-15,1601,L8,high,D
28.979117,-82.396207,017,040,5173,3528,2025-02-15,1601,L8,low,D
28.979129,-82.394976,017,040,5177,3528,2025-02-15,1601,L8,medium,D
28.979133,-82.394668,017,040,5178,3528,2025-02-15,1601,L8,high,D
28.978862,-82.394664,017,040,5178,3529,2025-02-15,1601,L8,low,D
28.518224,-82.377828,017,040,5213,5231,2025-02-15,1601,L8,low,D
28.517954,-82.377824,017,040,5213,5232,2025-02-15,1601,L8,medium,D
29.122406,-82.336165,017,040,5374,3001,2025-02-15,1601,L8,low,D
29.122135,-82.336161,017,040,5374,3002,2025-02-15,1601,L8,high,D
29.122138,-82.335853,017,040,5375,3002,2025-02-15,1601,L8,high,D
28.294086,-82.260521,017,040,5587,6063,2025-02-15,1601,L8,high,D
28.293815,-82.260517,017,040,5587,6064,2025-02-15,1601,L8,high,D
28.294089,-82.260215,017,040,5588,6063,2025-02-15,1601,L8,medium,D
28.293818,-82.260212,017,040,5588,6064,2025-02-15,1601,L8,high,D
29.153756,-82.257922,017,040,5629,2888,2025-02-15,1601,L8,low,D
29.424807,-82.252899,017,040,5656,1887,2025-02-15,1601,L8,medium,D
28.423995,-82.237554,017,040,5667,5584,2025-02-15,1601,L8,low,D
27.994917,-82.226211,017,040,5688,7169,2025-02-15,1601,L8,high,D
28.455464,-82.200542,017,040,5789,5469,2025-02-15,1601,L8,high,D
28.455194,-82.200539,017,040,5789,5470,2025-02-15,1601,L8,low,D
28.329598,-82.195758,017,040,5800,5934,2025-02-15,1601,L8,low,D
28.084854,-82.191204,017,040,5806,6838,2025-02-15,1601,L8,high,D
28.084584,-82.191201,017,040,5806,6839,2025-02-15,1601,L8,low,D
28.084857,-82.190898,017,040,5807,6838,2025-02-15,1601,L8,high,D
28.667787,-82.195586,017,040,5813,4685,2025-02-15,1601,L8,high,D
28.84591,-82.168711,017,040,5907,4028,2025-02-15,1601,L8,high,D
28.845913,-82.168403,017,040,5908,4028,2025-02-15,1601,L8,high,D
28.845642,-82.1684,017,040,5908,4029,2025-02-15,1601,L8,medium,D
28.068605,-82.159886,017,040,5908,6899,2025-02-15,1601,L8,high,D
28.372712,-82.157361,017,040,5927,5776,2025-02-15,1601,L8,high,D
28.998833,-82.143325,017,040,5995,3464,2025-02-15,1601,L8,high,D
28.919992,-82.117225,017,040,6077,3756,2025-02-15,1601,L8,low,D
27.876309,-82.098103,017,040,6104,7611,2025-02-15,1601,L8,low,D
29.456175,-82.104181,017,040,6138,1776,2025-02-15,1601,L8,high,D
29.34115,-82.09954,017,040,6149,2201,2025-02-15,1601,L8,high,D
28.920728,-82.093536,017,040,6154,3754,2025-02-15,1601,L8,low,D
28.102236,-82.05245,017,040,6261,6778,2025-02-15,1601,L8,medium,D
28.669747,-82.022457,017,040,6377,4683,2025-02-15,1601,L8,high,D
28.669749,-82.02215,017,040,6378,4683,2025-02-15,1601,L8,high,D
28.252077,-81.966152,017,040,6548,6227,2025-02-15,1601,L8,high,D
29.065455,-81.969016,017,040,6563,3223,2025-02-15,1601,L8,high,D
29.491184,-81.953236,017,040,6627,1651,2025-02-15,1601,L8,high,D
28.933339,-81.888375,017,040,6821,3713,2025-02-15,1601,L8,medium,D
29.089096,-81.877995,017,040,6859,3138,2025-02-15,1601,L8,high,D
29.088825,-81.877993,017,040,6859,3139,2025-02-15,1601,L8,high,D
29.089098,-81.877687,017,040,6860,3138,2025-02-15,1601,L8,high,D
29.088827,-81.877685,017,040,6860,3139,2025-02-15,1601,L8,high,D
32.299237,-81.400276,017,037,4631,7158,2025-02-15,1600,L8,high,D
21.675421,-97.506756,025,045,1807,3839,2025-02-15,1653,L9,high,D
21.675689,-97.506463,025,045,1808,3838,2025-02-15,1653,L9,high,D
21.675418,-97.506466,025,045,1808,3839,2025-02-15,1653,L9,high,D
21.502391,-97.375332,025,045,2267,4473,2025-02-15,1653,L9,low,D
21.022882,-97.332386,025,045,2434,6241,2025-02-15,1653,L9,low,D
21.022611,-97.332389,025,045,2434,6242,2025-02-15,1653,L9,low,D
31.712742,-94.825586,025,038,2591,4009,2025-02-15,1650,L9,high,D
29.609074,-95.027132,025,040,4394,1201,2025-02-15,1651,L9,low,D
29.608044,-95.023704,025,040,4405,1205,2025-02-15,1651,L9,medium,D
29.377593,-94.940012,025,040,4661,2061,2025-02-15,1651,L9,high,D
29.377323,-94.940007,025,040,4661,2062,2025-02-15,1651,L9,high,D
29.377598,-94.939703,025,040,4662,2061,2025-02-15,1651,L9,low,D
29.377327,-94.939698,025,040,4662,2062,2025-02-15,1651,L9,low,D
29.373603,-94.916449,025,040,4737,2077,2025-02-15,1651,L9,high,D
29.373332,-94.916444,025,040,4737,2078,2025-02-15,1651,L9,high,D
29.304777,-94.824983,025,040,5029,2336,2025-02-15,1651,L9,low,D
30.3678,-95.330362,025,039,2182,3659,2025-02-15,1650,L9,high,D
30.367806,-95.33005,025,039,2183,3659,2025-02-15,1650,L9,low,D
30.518032,-95.282055,025,039,2348,3107,2025-02-15,1650,L9,high,D
30.307826,-95.183285,025,039,2649,3890,2025-02-15,1650,L9,low,D
29.897888,-95.043515,025,039,3070,5413,2025-02-15,1650,L9,high,D
29.608044,-95.023704,025,039,3115,6485,2025-02-15,1650,L9,medium,D
29.878739,-94.912682,025,039,3490,5491,2025-02-15,1650,L9,high,D
29.878468,-94.912677,025,039,3490,5492,2025-02-15,1650,L9,high,D
32.65618,-107.124049,033,038,2807,525,2025-02-15,1739,L8,low,D
32.656185,-107.123729,033,038,2808,525,2025-02-15,1739,L8,high,D
32.298847,-106.844252,033,038,3659,1862,2025-02-15,1739,L8,high,D
32.371537,-106.813525,033,038,3760,1595,2025-02-15,1739,L8,high,D
32.22039,-106.708658,033,038,4080,2159,2025-02-15,1739,L8,high,D
32.219849,-106.708648,033,038,4080,2161,2025-02-15,1739,L8,high,D
31.973835,-106.6082,033,038,4382,3075,2025-02-15,1739,L8,high,D
31.972761,-106.607546,033,038,4384,3079,2025-02-15,1739,L8,low,D
31.3656,-106.532147,033,038,4590,5326,2025-02-15,1739,L8,low,D
31.36533,-106.532142,033,038,4590,5327,2025-02-15,1739,L8,high,D
31.365604,-106.531831,033,038,4591,5326,2025-02-15,1739,L8,low,D
31.365333,-106.531827,033,038,4591,5327,2025-02-15,1739,L8,high,D
31.365063,-106.531822,033,038,4591,5328,2025-02-15,1739,L8,low,D
31.697766,-106.454018,033,038,4854,4102,2025-02-15,1739,L8,high,D
31.701068,-106.425264,033,038,4945,4091,2025-02-15,1739,L8,high,D
32.036231,-106.364034,033,038,5154,2855,2025-02-15,1739,L8,high,D
31.377324,-106.070189,033,038,6055,5300,2025-02-15,1739,L8,high,D
31.377053,-106.070186,033,038,6055,5301,2025-02-15,1739,L8,high,D
31.377597,-106.069877,033,038,6056,5299,2025-02-15,1739,L8,low,D
31.377326,-106.069874,033,038,6056,5300,2025-02-15,1739,L8,high,D
31.377329,-106.069559,033,038,6057,5300,2025-02-15,1739,L8,high,D
31.287518,-105.885426,033,038,6638,5637,2025-02-15,1739,L8,high,D
36.368069,-105.466573,033,035,4172,2718,2025-02-15,1738,L8,medium,D
35.921538,-105.291021,033,035,4692,4371,2025-02-15,1738,L8,high,D
37.215393,-105.522796,033,034,2751,4864,2025-02-15,1738,L8,high,D
37.46722,-105.02584,033,034,4221,3937,2025-02-15,1738,L8,medium,D
37.040616,-104.521697,033,034,5715,5511,2025-02-15,1738,L8,high,D
29.643638,-108.186712,033,039,473,6299,2025-02-15,1740,L8,low,D
29.643645,-108.186403,033,039,474,6299,2025-02-15,1740,L8,high,D
29.643375,-108.186394,033,039,474,6300,2025-02-15,1740,L8,medium,D
29.643405,-108.185156,033,039,478,6300,2025-02-15,1740,L8,high,D
29.643134,-108.185148,033,039,478,6301,2025-02-15,1740,L8,high,D
29.643412,-108.184847,033,039,479,6300,2025-02-15,1740,L8,high,D
29.643142,-108.184838,033,039,479,6301,2025-02-15,1740,L8,high,D
30.320499,-108.085248,033,039,868,3806,2025-02-15,1740,L8,high,D
30.320506,-108.084936,033,039,869,3806,2025-02-15,1740,L8,high,D
30.483603,-107.861105,033,039,1602,3222,2025-02-15,1740,L8,medium,D
30.457506,-107.854408,033,039,1621,3319,2025-02-15,1740,L8,high,D
29.665613,-107.762359,033,039,1845,6253,2025-02-15,1740,L8,low,D
29.665342,-107.762352,033,039,1845,6254,2025-02-15,1740,L8,high,D
29.665072,-107.762344,033,039,1845,6255,2025-02-15,1740,L8,high,D
29.665349,-107.762042,033,039,1846,6254,2025-02-15,1740,L8,high,D
30.142868,-107.56511,033,039,2521,4504,2025-02-15,1740,L8,high,D
30.142597,-107.565103,033,039,2521,4505,2025-02-15,1740,L8,low,D
30.162443,-107.40306,033,039,3043,4443,2025-02-15,1740,L8,low,D
30.757782,-107.358193,033,039,3233,2246,2025-02-15,1740,L8,low,D
30.044135,-107.253067,033,039,3516,4890,2025-02-15,1740,L8,high,D
30.043864,-107.253061,033,039,3516,4891,2025-02-15,1740,L8,high,D
30.043594,-107.253055,033,039,3516,4892,2025-02-15,1740,L8,low,D
30.044681,-107.252768,033,039,3517,4888,2025-02-15,1740,L8,high,D
30.044411,-107.252762,033,039,3517,4889,2025-02-15,1740,L8,high,D
30.04414,-107.252756,033,039,3517,4890,2025-02-15,1740,L8,high,D
30.043869,-107.25275,033,039,3517,4891,2025-02-15,1740,L8,high,D
30.043599,-107.252744,033,039,3517,4892,2025-02-15,1740,L8,high,D
30.043328,-107.252738,033,039,3517,4893,2025-02-15,1740,L8,high,D
30.043058,-107.252732,033,039,3517,4894,2025-02-15,1740,L8,high,D
30.043875,-107.252439,033,039,3518,4891,2025-02-15,1740,L8,low,D
30.052477,-106.347232,033,039,6428,4905,2025-02-15,1740,L8,high,D
30.052206,-106.347228,033,039,6428,4906,2025-02-15,1740,L8,high,D
30.052209,-106.346917,033,039,6429,4906,2025-02-15,1740,L8,medium,D
32.65618,-107.124049,033,037,1507,5805,2025-02-15,1739,L8,low,D
32.656185,-107.123729,033,037,1508,5805,2025-02-15,1739,L8,high,D
32.371537,-106.813525,033,037,2460,6875,2025-02-15,1739,L8,high,D
28.314636,-108.389871,033,040,986,5913,2025-02-15,1740,L8,high,D
28.314644,-108.389566,033,040,987,5913,2025-02-15,1740,L8,low,D
29.643638,-108.186712,033,040,1783,1019,2025-02-15,1740,L8,low,D
29.643645,-108.186403,033,040,1784,1019,2025-02-15,1740,L8,high,D
29.643375,-108.186394,033,040,1784,1020,2025-02-15,1740,L8,medium,D
29.643405,-108.185156,033,040,1788,1020,2025-02-15,1740,L8,high,D
29.643134,-108.185148,033,040,1788,1021,2025-02-15,1740,L8,high,D
29.643412,-108.184847,033,040,1789,1020,2025-02-15,1740,L8,high,D
29.643142,-108.184838,033,040,1789,1021,2025-02-15,1740,L8,high,D
28.099514,-108.129827,033,040,1816,6731,2025-02-15,1740,L8,high,D
28.120084,-108.021159,033,040,2174,6664,2025-02-15,1740,L8,low,D
28.099839,-108.006554,033,040,2220,6740,2025-02-15,1740,L8,medium,D
28.099568,-108.006546,033,040,2220,6741,2025-02-15,1740,L8,high,D
28.099298,-108.006539,033,040,2220,6742,2025-02-15,1740,L8,low,D
28.100657,-108.006271,033,040,2221,6737,2025-02-15,1740,L8,medium,D
28.100386,-108.006264,033,040,2221,6738,2025-02-15,1740,L8,medium,D
28.099575,-108.006241,033,040,2221,6741,2025-02-15,1740,L8,medium,D
28.099305,-108.006234,033,040,2221,6742,2025-02-15,1740,L8,high,D
28.099034,-108.006226,033,040,2221,6743,2025-02-15,1740,L8,medium,D
28.100664,-108.005966,033,040,2222,6737,2025-02-15,1740,L8,medium,D
28.100393,-108.005959,033,040,2222,6738,2025-02-15,1740,L8,high,D
28.099311,-108.005929,033,040,2222,6742,2025-02-15,1740,L8,high,D
28.099041,-108.005921,033,040,2222,6743,2025-02-15,1740,L8,medium,D
28.099318,-108.005624,033,040,2223,6742,2025-02-15,1740,L8,high,D
28.099325,-108.005319,033,040,2224,6742,2025-02-15,1740,L8,medium,D
28.099872,-108.005029,033,040,2225,6740,2025-02-15,1740,L8,high,D
28.099602,-108.005021,033,040,2225,6741,2025-02-15,1740,L8,low,D
28.099879,-108.004724,033,040,2226,6740,2025-02-15,1740,L8,medium,D
29.665613,-107.762359,033,040,3155,973,2025-02-15,1740,L8,medium,D
29.665342,-107.762352,033,040,3155,974,2025-02-15,1740,L8,high,D
29.665072,-107.762344,033,040,3155,975,2025-02-15,1740,L8,high,D
29.234664,-107.391557,033,040,4319,2592,2025-02-15,1740,L8,high,D
29.23467,-107.391249,033,040,4320,2592,2025-02-15,1740,L8,high,D
29.234399,-107.391243,033,040,4320,2593,2025-02-15,1740,L8,medium,D
28.652067,-106.944298,033,040,5733,4771,2025-02-15,1740,L8,high,D
28.438799,-106.882804,033,040,5921,5562,2025-02-15,1740,L8,high,D
49.573503,-114.353112,041,026,2277,1350,2025-02-15,1824,L9,high,D
49.573234,-114.353094,041,026,2277,1351,2025-02-15,1824,L9,low,D
49.381186,-114.146925,041,026,2744,2084,2025-02-15,1824,L9,high,D
49.380916,-114.146908,041,026,2744,2085,2025-02-15,1824,L9,high,D
49.381197,-114.146512,041,026,2745,2084,2025-02-15,1824,L9,high,D
49.380928,-114.146495,041,026,2745,2085,2025-02-15,1824,L9,high,D
49.347907,-113.644096,041,026,3956,2254,2025-02-15,1824,L9,low,D
49.129566,-113.620119,041,026,3986,3065,2025-02-15,1824,L9,low,D
49.626194,-112.867302,041,026,5862,1279,2025-02-15,1824,L9,low,D
33.99161,-118.466587,041,037,4812,934,2025-02-15,1828,L9,high,D
33.793011,-118.350102,041,037,5161,1673,2025-02-15,1828,L9,medium,D
33.793015,-118.349778,041,037,5162,1673,2025-02-15,1828,L9,high,D
33.79886,-118.28376,041,037,5366,1654,2025-02-15,1828,L9,medium,D
33.758715,-118.267614,041,037,5414,1803,2025-02-15,1828,L9,medium,D
33.903432,-118.18896,041,037,5663,1271,2025-02-15,1828,L9,medium,D
33.946117,-118.167154,041,037,5732,1114,2025-02-15,1828,L9,medium,D
33.666311,-117.840429,041,037,6730,2158,2025-02-15,1828,L9,medium,D
33.613395,-117.823098,041,037,6782,2354,2025-02-15,1828,L9,medium,D
33.613668,-117.822778,041,037,6783,2353,2025-02-15,1828,L9,high,D
33.613398,-117.822775,041,037,6783,2354,2025-02-15,1828,L9,high,D
33.61367,-117.822454,041,037,6784,2353,2025-02-15,1828,L9,high,D
33.6134,-117.822452,041,037,6784,2354,2025-02-15,1828,L9,high,D
33.870413,-117.785013,041,037,6907,1405,2025-02-15,1828,L9,high,D
33.786073,-117.728508,041,037,7079,1718,2025-02-15,1828,L9,medium,D
33.715826,-117.711078,041,037,7131,1978,2025-02-15,1828,L9,medium,D
33.716098,-117.710756,041,037,7132,1977,2025-02-15,1828,L9,high,D
33.715828,-117.710754,041,037,7132,1978,2025-02-15,1828,L9,high,D
33.7161,-117.710432,041,037,7133,1977,2025-02-15,1828,L9,medium,D
33.71583,-117.71043,041,037,7133,1978,2025-02-15,1828,L9,medium,D
33.492291,-117.617207,041,037,7416,2806,2025-02-15,1828,L9,high,D
33.492021,-117.617205,041,037,7416,2807,2025-02-15,1828,L9,high,D
33.492293,-117.616884,041,037,7417,2806,2025-02-15,1828,L9,high,D
33.492023,-117.616882,041,037,7417,2807,2025-02-15,1828,L9,high,D
33.492295,-117.616561,041,037,7418,2806,2025-02-15,1828,L9,high,D
34.312943,-119.268231,041,036,1060,4971,2025-02-15,1828,L9,high,D
34.312673,-119.268224,041,036,1060,4972,2025-02-15,1828,L9,high,D
34.31322,-119.267913,041,036,1061,4970,2025-02-15,1828,L9,high,D
34.312949,-119.267905,041,036,1061,4971,2025-02-15,1828,L9,high,D
34.233339,-119.213662,041,036,1221,5269,2025-02-15,1828,L9,high,D
35.421277,-119.056385,041,036,1794,887,2025-02-15,1828,L9,high,D
35.421007,-119.056378,041,036,1794,888,2025-02-15,1828,L9,high,D
35.420466,-119.056365,041,036,1794,890,2025-02-15,1828,L9,high,D
34.479461,-118.892536,041,036,2224,4379,2025-02-15,1828,L9,high,D
34.292016,-118.80228,041,036,2488,5077,2025-02-15,1828,L9,low,D
34.291745,-118.802274,041,036,2488,5078,2025-02-15,1828,L9,medium,D
34.29202,-118.801954,041,036,2489,5077,2025-02-15,1828,L9,high,D
34.29175,-118.801948,041,036,2489,5078,2025-02-15,1828,L9,high,D
34.291479,-118.801942,041,036,2489,5079,2025-02-15,1828,L9,high,D
34.291755,-118.801622,041,036,2490,5078,2025-02-15,1828,L9,high,D
35.347015,-118.758071,041,036,2692,1179,2025-02-15,1828,L9,high,D
34.43379,-118.646652,041,036,2974,4561,2025-02-15,1828,L9,low,D
34.430296,-118.644951,041,036,2979,4574,2025-02-15,1828,L9,high,D
34.430026,-118.644946,041,036,2979,4575,2025-02-15,1828,L9,high,D
34.430301,-118.644625,041,036,2980,4574,2025-02-15,1828,L9,high,D
34.43003,-118.64462,041,036,2980,4575,2025-02-15,1828,L9,medium,D
34.430576,-118.644304,041,036,2981,4573,2025-02-15,1828,L9,high,D
34.430305,-118.644299,041,036,2981,4574,2025-02-15,1828,L9,high,D
34.429129,-118.590083,041,036,3147,4581,2025-02-15,1828,L9,low,D
34.366953,-118.54454,041,036,3283,4813,2025-02-15,1828,L9,high,D
34.335071,-118.519824,041,036,3357,4932,2025-02-15,1828,L9,high,D
34.334801,-118.519819,041,036,3357,4933,2025-02-15,1828,L9,medium,D
34.335346,-118.519503,041,036,3358,4931,2025-02-15,1828,L9,high,D
34.335075,-118.519498,041,036,3358,4932,2025-02-15,1828,L9,high,D
34.335079,-118.519172,041,036,3359,4932,2025-02-15,1828,L9,low,D
34.320022,-118.511728,041,036,3381,4988,2025-02-15,1828,L9,low,D
34.320026,-118.511402,041,036,3382,4988,2025-02-15,1828,L9,high,D
34.10481,-118.47927,041,036,3469,5785,2025-02-15,1828,L9,high,D
33.99161,-118.466587,041,036,3502,6204,2025-02-15,1828,L9,high,D
34.32846,-118.440142,041,036,3601,4960,2025-02-15,1828,L9,high,D
34.128352,-118.43316,041,036,3612,5700,2025-02-15,1828,L9,high,D
34.221197,-118.381321,041,036,3776,5359,2025-02-15,1828,L9,low,D
34.24338,-118.381358,041,036,3777,5277,2025-02-15,1828,L9,high,D
34.243384,-118.381032,041,036,3778,5277,2025-02-15,1828,L9,high,D
33.793011,-118.350102,041,036,3851,6943,2025-02-15,1828,L9,medium,D
33.793015,-118.349778,041,036,3852,6943,2025-02-15,1828,L9,high,D
33.79886,-118.28376,041,036,4056,6924,2025-02-15,1828,L9,medium,D
33.758715,-118.267614,041,036,4104,7073,2025-02-15,1828,L9,medium,D
34.639475,-118.251082,041,036,4195,3818,2025-02-15,1828,L9,high,D
34.153916,-118.19311,041,036,4351,5615,2025-02-15,1828,L9,low,D
34.153645,-118.193107,041,036,4351,5616,2025-02-15,1828,L9,high,D
34.153375,-118.193103,041,036,4351,5617,2025-02-15,1828,L9,high,D
34.153378,-118.192777,041,036,4352,5617,2025-02-15,1828,L9,medium,D
33.903432,-118.18896,041,036,4353,6541,2025-02-15,1828,L9,medium,D
33.946117,-118.167154,041,036,4422,6384,2025-02-15,1828,L9,medium,D
34.567675,-118.152552,041,036,4493,4087,2025-02-15,1828,L9,high,D
34.567405,-118.152548,041,036,4493,4088,2025-02-15,1828,L9,high,D
34.567678,-118.152225,041,036,4494,4087,2025-02-15,1828,L9,high,D
34.567408,-118.152221,041,036,4494,4088,2025-02-15,1828,L9,low,D
34.746513,-118.120947,041,036,4597,3427,2025-02-15,1828,L9,high,D
34.035968,-118.105339,041,036,4616,6054,2025-02-15,1828,L9,high,D
34.035698,-118.105335,041,036,4616,6055,2025-02-15,1828,L9,high,D
34.035971,-118.105014,041,036,4617,6054,2025-02-15,1828,L9,medium,D
34.115104,-117.925187,041,036,5173,5767,2025-02-15,1828,L9,low,D
34.115377,-117.924865,041,036,5174,5766,2025-02-15,1828,L9,medium,D
34.115107,-117.924862,041,036,5174,5767,2025-02-15,1828,L9,high,D
33.666311,-117.840429,041,036,5420,7428,2025-02-15,1828,L9,medium,D
33.613395,-117.823098,041,036,5472,7624,2025-02-15,1828,L9,medium,D
33.613668,-117.822778,041,036,5473,7623,2025-02-15,1828,L9,high,D
33.613398,-117.822775,041,036,5473,7624,2025-02-15,1828,L9,high,D
33.61367,-117.822454,041,036,5474,7623,2025-02-15,1828,L9,high,D
33.6134,-117.822452,041,036,5474,7624,2025-02-15,1828,L9,high,D
34.006478,-117.789187,041,036,5588,6172,2025-02-15,1828,L9,high,D
33.870413,-117.785013,041,036,5597,6675,2025-02-15,1828,L9,high,D
33.786073,-117.728508,041,036,5769,6988,2025-02-15,1828,L9,medium,D
33.715826,-117.711078,041,036,5821,7248,2025-02-15,1828,L9,medium,D
33.716098,-117.710756,041,036,5822,7247,2025-02-15,1828,L9,high,D
33.715828,-117.710754,041,036,5822,7248,2025-02-15,1828,L9,high,D
33.7161,-117.710432,041,036,5823,7247,2025-02-15,1828,L9,medium,D
33.71583,-117.71043,041,036,5823,7248,2025-02-15,1828,L9,medium,D
34.904315,-117.666988,041,036,5986,2856,2025-02-15,1828,L9,high,D
34.03669,-117.559048,041,036,6297,6065,2025-02-15,1828,L9,high,D
34.036419,-117.559047,041,036,6297,6066,2025-02-15,1828,L9,high,D
34.036691,-117.558723,041,036,6298,6065,2025-02-15,1828,L9,medium,D
34.036421,-117.558722,041,036,6298,6066,2025-02-15,1828,L9,medium,D
34.409787,-117.557928,041,036,6308,4686,2025-02-15,1828,L9,high,D
34.142736,-117.427634,041,036,6703,5675,2025-02-15,1828,L9,high,D
34.142465,-117.427632,041,036,6703,5676,2025-02-15,1828,L9,high,D
34.142737,-117.427308,041,036,6704,5675,2025-02-15,1828,L9,high,D
34.142466,-117.427307,041,036,6704,5676,2025-02-15,1828,L9,high,D
35.421277,-119.056385,041,035,484,6167,2025-02-15,1828,L9,high,D
35.421007,-119.056378,041,035,484,6168,2025-02-15,1828,L9,high,D
35.420466,-119.056365,041,035,484,6170,2025-02-15,1828,L9,high,D
35.9715,-119.047279,041,035,554,4133,2025-02-15,1828,L9,high,D
35.347015,-118.758071,041,035,1382,6459,2025-02-15,1828,L9,high,D
49.940049,-113.073,041,025,3809,5293,2025-02-15,1824,L9,low,D
49.939779,-113.072989,041,025,3809,5294,2025-02-15,1824,L9,low,D
49.752497,-112.932542,041,025,4127,5997,2025-02-15,1824,L9,low,D
49.752228,-112.932531,041,025,4127,5998,2025-02-15,1824,L9,high,D
30.393618,-81.558421,016,039,1709,3546,2025-02-16,1555,L9,high,D
30.159886,-81.51691,016,039,1838,4410,2025-02-16,1555,L9,low,D
28.167996,-81.614287,016,040,2697,6465,2025-02-16,1555,L9,high,D
28.069178,-81.608534,016,040,2714,6830,2025-02-16,1555,L9,high,D
28.068907,-81.608533,016,040,2714,6831,2025-02-16,1555,L9,high,D
28.998221,-80.874386,016,040,5115,3404,2025-02-16,1555,L9,high,D
27.607013,-82.210312,016,041,1936,3222,2025-02-16,1556,L9,high,D
27.868688,-82.16872,016,041,2082,2257,2025-02-16,1556,L9,high,D
28.167996,-81.614287,016,041,3907,1165,2025-02-16,1556,L9,high,D
28.069178,-81.608534,016,041,3924,1530,2025-02-16,1556,L9,high,D
28.068907,-81.608533,016,041,3924,1531,2025-02-16,1556,L9,high,D
27.449261,-81.471521,016,041,4364,3821,2025-02-16,1556,L9,high,D
26.776141,-81.099033,016,041,5589,6309,2025-02-16,1556,L9,high,D
26.77587,-81.099033,016,041,5589,6310,2025-02-16,1556,L9,high,D
26.775599,-81.099033,016,041,5589,6311,2025-02-16,1556,L9,medium,D
26.66183,-80.895438,016,041,6264,6731,2025-02-16,1556,L9,low,D
26.66183,-80.895136,016,041,6265,6731,2025-02-16,1556,L9,high,D
26.66183,-80.894835,016,041,6266,6731,2025-02-16,1556,L9,high,D
26.66183,-80.894534,016,041,6267,6731,2025-02-16,1556,L9,low,D
26.66183,-80.895438,016,042,7494,1431,2025-02-16,1556,L9,low,D
26.66183,-80.895136,016,042,7495,1431,2025-02-16,1556,L9,high,D
26.66183,-80.894835,016,042,7496,1431,2025-02-16,1556,L9,high,D
26.66183,-80.894534,016,042,7497,1431,2025-02-16,1556,L9,low,D
44.128337,-89.042271,024,029,3601,5762,2025-02-16,1640,L8,low,D
41.480246,-90.832346,024,031,1331,4935,2025-02-16,1641,L8,high,D
41.479976,-90.83233,024,031,1331,4936,2025-02-16,1641,L8,high,D
41.480527,-90.832003,024,031,1332,4934,2025-02-16,1641,L8,high,D
41.480258,-90.831988,024,031,1332,4935,2025-02-16,1641,L8,high,D
41.479988,-90.831972,024,031,1332,4936,2025-02-16,1641,L8,high,D
41.480539,-90.831645,024,031,1333,4934,2025-02-16,1641,L8,high,D
41.48027,-90.831629,024,031,1333,4935,2025-02-16,1641,L8,high,D
41.48,-90.831613,024,031,1333,4936,2025-02-16,1641,L8,high,D
41.480036,-90.830538,024,031,1336,4936,2025-02-16,1641,L8,high,D
41.479766,-90.830522,024,031,1336,4937,2025-02-16,1641,L8,high,D
41.483253,-90.823183,024,031,1357,4925,2025-02-16,1641,L8,low,D
41.482983,-90.823167,024,031,1357,4926,2025-02-16,1641,L8,high,D
42.024128,-90.446788,024,031,2485,2967,2025-02-16,1641,L8,low,D
29.787582,-94.33498,024,039,306,5784,2025-02-16,1644,L8,high,D
29.787585,-94.33467,024,039,307,5784,2025-02-16,1644,L8,medium,D
30.067192,-94.226678,024,039,666,4755,2025-02-16,1644,L8,high,D
30.067195,-94.226367,024,039,667,4755,2025-02-16,1644,L8,high,D
30.067198,-94.226056,024,039,668,4755,2025-02-16,1644,L8,high,D
30.081422,-94.086159,024,039,1118,4707,2025-02-16,1644,L8,low,D
30.081425,-94.085847,024,039,1119,4707,2025-02-16,1644,L8,high,D
30.082002,-94.081496,024,039,1133,4705,2025-02-16,1644,L8,high,D
30.081731,-94.081493,024,039,1133,4706,2025-02-16,1644,L8,high,D
30.075886,-94.068045,024,039,1176,4728,2025-02-16,1644,L8,high,D
30.075615,-94.068042,024,039,1176,4729,2025-02-16,1644,L8,low,D
30.075888,-94.067734,024,039,1177,4728,2025-02-16,1644,L8,low,D
30.073515,-94.059927,024,039,1202,4737,2025-02-16,1644,L8,medium,D
30.073518,-94.059616,024,039,1203,4737,2025-02-16,1644,L8,high,D
30.037389,-94.041185,024,039,1261,4871,2025-02-16,1644,L8,low,D
30.031983,-94.040195,024,039,1264,4891,2025-02-16,1644,L8,high,D
30.031985,-94.039884,024,039,1265,4891,2025-02-16,1644,L8,high,D
30.031715,-94.039881,024,039,1265,4892,2025-02-16,1644,L8,high,D
30.010396,-93.996111,024,039,1405,4972,2025-02-16,1644,L8,high,D
30.007489,-93.98675,024,039,1435,4983,2025-02-16,1644,L8,high,D
29.865408,-93.980379,024,039,1451,5508,2025-02-16,1644,L8,high,D
30.009504,-93.970595,024,039,1487,4976,2025-02-16,1644,L8,high,D
29.828706,-93.964496,024,039,1501,5644,2025-02-16,1644,L8,low,D
29.834666,-93.963932,024,039,1503,5622,2025-02-16,1644,L8,medium,D
29.834939,-93.963624,024,039,1504,5621,2025-02-16,1644,L8,high,D
29.834668,-93.963622,024,039,1504,5622,2025-02-16,1644,L8,high,D
29.835212,-93.963317,024,039,1505,5620,2025-02-16,1644,L8,high,D
29.834941,-93.963314,024,039,1505,5621,2025-02-16,1644,L8,high,D
29.980964,-93.949172,024,039,1555,5082,2025-02-16,1644,L8,high,D
29.980966,-93.948861,024,039,1556,5082,2025-02-16,1644,L8,low,D
29.75836,-93.880667,024,039,1769,5906,2025-02-16,1644,L8,low,D
29.758089,-93.880664,024,039,1769,5907,2025-02-16,1644,L8,medium,D
29.955982,-93.882093,024,039,1770,5176,2025-02-16,1644,L8,high,D
29.979546,-93.880435,024,039,1776,5089,2025-02-16,1644,L8,high,D
29.960055,-93.880263,024,039,1776,5161,2025-02-16,1644,L8,high,D
29.959784,-93.880261,024,039,1776,5162,2025-02-16,1644,L8,high,D
29.959514,-93.880258,024,039,1776,5163,2025-02-16,1644,L8,high,D
29.758104,-93.878492,024,039,1776,5907,2025-02-16,1644,L8,low,D
29.979548,-93.880124,024,039,1777,5089,2025-02-16,1644,L8,low,D
29.979277,-93.880122,024,039,1777,5090,2025-02-16,1644,L8,high,D
29.960057,-93.879952,024,039,1777,5161,2025-02-16,1644,L8,low,D
29.959787,-93.87995,024,039,1777,5162,2025-02-16,1644,L8,high,D
29.959516,-93.879947,024,039,1777,5163,2025-02-16,1644,L8,high,D
29.97955,-93.879813,024,039,1778,5089,2025-02-16,1644,L8,high,D
29.97928,-93.879811,024,039,1778,5090,2025-02-16,1644,L8,high,D
29.979009,-93.879808,024,039,1778,5091,2025-02-16,1644,L8,low,D
29.755676,-93.87723,024,039,1780,5916,2025-02-16,1644,L8,medium,D
29.7611,-93.875726,024,039,1785,5896,2025-02-16,1644,L8,high,D
29.761102,-93.875416,024,039,1786,5896,2025-02-16,1644,L8,high,D
29.759482,-93.874781,024,039,1788,5902,2025-02-16,1644,L8,high,D
29.759211,-93.874779,024,039,1788,5903,2025-02-16,1644,L8,high,D
29.761115,-93.873554,024,039,1792,5896,2025-02-16,1644,L8,high,D
29.758693,-93.871361,024,039,1799,5905,2025-02-16,1644,L8,low,D
29.758422,-93.871359,024,039,1799,5906,2025-02-16,1644,L8,high,D
29.758436,-93.869187,024,039,1806,5906,2025-02-16,1644,L8,low,D
29.959368,-93.861292,024,039,1837,5164,2025-02-16,1644,L8,high,D
30.204945,-93.768673,024,039,2141,4259,2025-02-16,1644,L8,medium,D
30.204675,-93.768671,024,039,2141,4260,2025-02-16,1644,L8,medium,D
30.204947,-93.768361,024,039,2142,4259,2025-02-16,1644,L8,high,D
30.204676,-93.768359,024,039,2142,4260,2025-02-16,1644,L8,high,D
30.049378,-93.751909,024,039,2191,4834,2025-02-16,1644,L8,high,D
30.049107,-93.751907,024,039,2191,4835,2025-02-16,1644,L8,high,D
30.04938,-93.751598,024,039,2192,4834,2025-02-16,1644,L8,high,D
30.049109,-93.751596,024,039,2192,4835,2025-02-16,1644,L8,medium,D
30.049203,-93.335839,024,039,3528,4841,2025-02-16,1644,L8,medium,D
30.048932,-93.335838,024,039,3528,4842,2025-02-16,1644,L8,medium,D
30.045954,-93.335828,024,039,3528,4853,2025-02-16,1644,L8,medium,D
30.045684,-93.335827,024,039,3528,4854,2025-02-16,1644,L8,high,D
30.042435,-93.335816,024,039,3528,4866,2025-02-16,1644,L8,medium,D
30.042981,-93.333951,024,039,3534,4864,2025-02-16,1644,L8,high,D
30.04271,-93.33395,024,039,3534,4865,2025-02-16,1644,L8,high,D
30.050833,-93.333666,024,039,3535,4835,2025-02-16,1644,L8,high,D
30.042982,-93.33364,024,039,3535,4864,2025-02-16,1644,L8,high,D
30.042711,-93.333639,024,039,3535,4865,2025-02-16,1644,L8,high,D
30.04244,-93.333638,024,039,3535,4866,2025-02-16,1644,L8,medium,D
29.771432,-93.332736,024,039,3535,5867,2025-02-16,1644,L8,medium,D
29.771161,-93.332735,024,039,3535,5868,2025-02-16,1644,L8,low,D
30.051105,-93.333356,024,039,3536,4834,2025-02-16,1644,L8,high,D
30.050834,-93.333355,024,039,3536,4835,2025-02-16,1644,L8,high,D
30.050563,-93.333354,024,039,3536,4836,2025-02-16,1644,L8,high,D
30.042983,-93.333329,024,039,3536,4864,2025-02-16,1644,L8,high,D
30.114814,-93.296824,024,039,3654,4599,2025-02-16,1644,L8,high,D
30.114544,-93.296823,024,039,3654,4600,2025-02-16,1644,L8,high,D
30.114273,-93.296822,024,039,3654,4601,2025-02-16,1644,L8,high,D
30.114815,-93.296512,024,039,3655,4599,2025-02-16,1644,L8,medium,D
30.114544,-93.296511,024,039,3655,4600,2025-02-16,1644,L8,high,D
30.114274,-93.296511,024,039,3655,4601,2025-02-16,1644,L8,medium,D
30.262111,-93.287598,024,039,3685,4055,2025-02-16,1644,L8,high,D
30.261841,-93.287597,024,039,3685,4056,2025-02-16,1644,L8,high,D
30.26103,-93.286971,024,039,3687,4059,2025-02-16,1644,L8,high,D
30.260759,-93.28697,024,039,3687,4060,2025-02-16,1644,L8,high,D
30.261031,-93.286659,024,039,3688,4059,2025-02-16,1644,L8,high,D
30.26076,-93.286658,024,039,3688,4060,2025-02-16,1644,L8,high,D
30.252652,-93.280398,024,039,3708,4090,2025-02-16,1644,L8,low,D
30.252923,-93.280087,024,039,3709,4089,2025-02-16,1644,L8,high,D
30.252652,-93.280086,024,039,3709,4090,2025-02-16,1644,L8,high,D
30.156564,-92.954256,024,039,4754,4446,2025-02-16,1644,L8,low,D
29.787582,-94.33498,024,040,1536,484,2025-02-16,1644,L8,high,D
29.787585,-94.33467,024,040,1537,484,2025-02-16,1644,L8,medium,D
29.828706,-93.964496,024,040,2731,344,2025-02-16,1644,L8,low,D
29.834666,-93.963932,024,040,2733,322,2025-02-16,1644,L8,medium,D
29.834939,-93.963624,024,040,2734,321,2025-02-16,1644,L8,high,D
29.834668,-93.963622,024,040,2734,322,2025-02-16,1644,L8,high,D
29.835212,-93.963317,024,040,2735,320,2025-02-16,1644,L8,high,D
29.834941,-93.963314,024,040,2735,321,2025-02-16,1644,L8,high,D
29.75836,-93.880667,024,040,2999,606,2025-02-16,1644,L8,low,D
29.758089,-93.880664,024,040,2999,607,2025-02-16,1644,L8,medium,D
29.758104,-93.878492,024,040,3006,607,2025-02-16,1644,L8,low,D
29.755676,-93.87723,024,040,3010,616,2025-02-16,1644,L8,medium,D
29.7611,-93.875726,024,040,3015,596,2025-02-16,1644,L8,high,D
29.761102,-93.875416,024,040,3016,596,2025-02-16,1644,L8,high,D
29.759482,-93.874781,024,040,3018,602,2025-02-16,1644,L8,high,D
29.759211,-93.874779,024,040,3018,603,2025-02-16,1644,L8,high,D
29.761115,-93.873554,024,040,3022,596,2025-02-16,1644,L8,high,D
29.760844,-93.873552,024,040,3022,597,2025-02-16,1644,L8,high,D
29.758693,-93.871361,024,040,3029,605,2025-02-16,1644,L8,low,D
29.758422,-93.871359,024,040,3029,606,2025-02-16,1644,L8,high,D
29.758436,-93.869187,024,040,3036,606,2025-02-16,1644,L8,low,D
29.425915,-93.639646,024,040,3769,1839,2025-02-16,1644,L8,medium,D
40.462119,-91.326383,024,032,1057,3434,2025-02-16,1641,L8,low,D
40.461849,-91.32639,024,032,1057,3435,2025-02-16,1641,L8,high,D
40.461843,-91.326036,024,032,1058,3435,2025-02-16,1641,L8,high,D
42.854606,-102.95342,032,030,790,5102,2025-02-16,1730,L9,low,D
42.854336,-102.953403,032,030,790,5103,2025-02-16,1730,L9,high,D
42.854618,-102.953054,032,030,791,5102,2025-02-16,1730,L9,low,D
42.854349,-102.953037,032,030,791,5103,2025-02-16,1730,L9,high,D
45.066737,-101.709158,032,029,2948,2266,2025-02-16,1730,L9,low,D
30.604623,-106.5241,032,039,957,2758,2025-02-16,1734,L9,low,D
31.635726,-106.283501,032,038,530,4258,2025-02-16,1733,L9,high,D
31.54163,-106.190567,032,038,820,4609,2025-02-16,1733,L9,high,D
40.229146,-103.098354,032,032,2800,4263,2025-02-16,1731,L9,high,D
40.22941,-103.097994,032,032,2801,4262,2025-02-16,1731,L9,low,D
39.977393,-102.348677,032,032,4954,5140,2025-02-16,1731,L9,high,D
39.977385,-102.348326,032,032,4955,5140,2025-02-16,1731,L9,low,D
40.109209,-102.310831,032,032,5047,4649,2025-02-16,1731,L9,low,D
40.074402,-102.278432,032,032,5143,4775,2025-02-16,1731,L9,high,D
38.111717,-102.563315,032,033,5698,6750,2025-02-16,1731,L9,high,D
39.084512,-102.435852,032,033,5970,3141,2025-02-16,1731,L9,high,D
39.084504,-102.435506,032,033,5971,3141,2025-02-16,1731,L9,high,D
45.459256,-100.580587,032,028,4458,6121,2025-02-16,1729,L9,low,D
45.458986,-100.580579,032,028,4458,6122,2025-02-16,1729,L9,low,D
45.515702,-99.911529,032,028,6204,5939,2025-02-16,1729,L9,high,D
28.158143,-106.478591,032,041,3478,1217,2025-02-16,1734,L9,high,D
28.158146,-106.478285,032,041,3479,1217,2025-02-16,1734,L9,high,D
27.029206,-106.348002,032,041,3860,5391,2025-02-16,1734,L9,high,D
27.44986,-105.811836,032,041,5643,3853,2025-02-16,1734,L9,high,D
26.960806,-105.639945,032,041,6200,5662,2025-02-16,1734,L9,low,D
28.126069,-105.464675,032,041,6796,1362,2025-02-16,1734,L9,low,D
32.940169,-105.823544,032,037,801,4752,2025-02-16,1733,L9,high,D
32.940171,-105.823223,032,037,802,4752,2025-02-16,1733,L9,medium,D
32.649391,-105.665409,032,037,1287,5830,2025-02-16,1733,L9,low,D
33.569565,-105.584787,032,037,1558,2431,2025-02-16,1733,L9,high,D
32.986633,-105.541097,032,037,1682,4586,2025-02-16,1733,L9,low,D
28.158143,-106.478591,032,040,2228,6507,2025-02-16,1734,L9,high,D
28.158146,-106.478285,032,040,2229,6507,2025-02-16,1734,L9,high,D
28.725743,-106.163071,032,040,3281,4422,2025-02-16,1734,L9,high,D
28.710934,-106.153386,032,040,3312,4477,2025-02-16,1734,L9,low,D
28.579665,-106.114835,032,040,3433,4963,2025-02-16,1734,L9,high,D
28.578858,-106.114213,032,040,3435,4966,2025-02-16,1734,L9,high,D
28.686023,-106.088018,032,040,3524,4571,2025-02-16,1734,L9,high,D
28.588876,-106.046215,032,040,3657,4931,2025-02-16,1734,L9,high,D
28.386649,-105.520924,032,040,5366,5689,2025-02-16,1734,L9,high,D
28.38665,-105.520618,032,040,5367,5689,2025-02-16,1734,L9,high,D
28.38638,-105.520617,032,040,5367,5690,2025-02-16,1734,L9,high,D
28.351568,-105.487693,032,040,5474,5819,2025-02-16,1734,L9,high,D
28.126069,-105.464675,032,040,5546,6652,2025-02-16,1734,L9,low,D
28.346231,-105.465324,032,040,5547,5839,2025-02-16,1734,L9,high,D
28.346232,-105.465018,032,040,5548,5839,2025-02-16,1734,L9,high,D
28.347316,-105.464716,032,040,5549,5835,2025-02-16,1734,L9,high,D
28.347045,-105.464715,032,040,5549,5836,2025-02-16,1734,L9,high,D
28.346774,-105.464714,032,040,5549,5837,2025-02-16,1734,L9,high,D
28.347317,-105.46441,032,040,5550,5835,2025-02-16,1734,L9,high,D
28.347046,-105.464409,032,040,5550,5836,2025-02-16,1734,L9,high,D
28.346775,-105.464408,032,040,5550,5837,2025-02-16,1734,L9,high,D
28.317631,-105.433373,032,040,5651,5945,2025-02-16,1734,L9,low,D
28.472803,-105.43186,032,040,5658,5372,2025-02-16,1734,L9,low,D
28.191184,-105.329551,032,040,5989,6413,2025-02-16,1734,L9,high,D
38.125377,-103.902382,032,034,2954,1464,2025-02-16,1732,L9,low,D
38.125374,-103.90204,032,034,2955,1464,2025-02-16,1732,L9,low,D
36.967433,-103.296799,032,034,4801,5720,2025-02-16,1732,L9,low,D
38.111717,-102.563315,032,034,6868,1440,2025-02-16,1732,L9,low,D
34.115377,-117.924865,040,037,1594,416,2025-02-16,1822,L8,low,D
34.115107,-117.924862,040,037,1594,417,2025-02-16,1822,L8,high,D
33.715828,-117.710754,040,037,2242,1898,2025-02-16,1822,L8,low,D
33.492293,-117.616884,040,037,2527,2726,2025-02-16,1822,L8,low,D
34.036419,-117.559047,040,037,2717,716,2025-02-16,1822,L8,low,D
33.794073,-117.475151,040,037,2971,1613,2025-02-16,1822,L8,low,D
32.857823,-117.147544,040,037,3977,5076,2025-02-16,1822,L8,high,D
32.857552,-117.147543,040,037,3977,5077,2025-02-16,1822,L8,medium,D
32.857823,-117.147223,040,037,3978,5076,2025-02-16,1822,L8,high,D
32.857553,-117.147223,040,037,3978,5077,2025-02-16,1822,L8,medium,D
32.732053,-117.068892,040,037,4222,5541,2025-02-16,1822,L8,medium,D
32.372385,-117.06798,040,037,4224,6870,2025-02-16,1822,L8,medium,D
32.372114,-117.06798,040,037,4224,6871,2025-02-16,1822,L8,high,D
32.372385,-117.067661,040,037,4225,6870,2025-02-16,1822,L8,high,D
32.372114,-117.067661,040,037,4225,6871,2025-02-16,1822,L8,high,D
32.371844,-117.067661,040,037,4225,6872,2025-02-16,1822,L8,medium,D
32.576996,-117.039687,040,037,4313,6114,2025-02-16,1822,L8,high,D
32.576726,-117.039687,040,037,4313,6115,2025-02-16,1822,L8,high,D
32.576996,-117.039368,040,037,4314,6114,2025-02-16,1822,L8,high,D
32.576726,-117.039367,040,037,4314,6115,2025-02-16,1822,L8,high,D
32.857907,-117.02891,040,037,4347,5076,2025-02-16,1822,L8,high,D
32.857636,-117.02891,040,037,4347,5077,2025-02-16,1822,L8,high,D
32.857907,-117.02859,040,037,4348,5076,2025-02-16,1822,L8,high,D
32.857636,-117.02859,040,037,4348,5077,2025-02-16,1822,L8,high,D
32.598923,-117.011882,040,037,4400,6033,2025-02-16,1822,L8,medium,D
32.598652,-117.011882,040,037,4400,6034,2025-02-16,1822,L8,high,D
32.598382,-117.011882,040,037,4400,6035,2025-02-16,1822,L8,low,D
32.598923,-117.011563,040,037,4401,6033,2025-02-16,1822,L8,high,D
32.598652,-117.011563,040,037,4401,6034,2025-02-16,1822,L8,high,D
33.876972,-116.998756,040,037,4441,1310,2025-02-16,1822,L8,low,D
32.764257,-116.932151,040,037,4649,5422,2025-02-16,1822,L8,high,D
32.998591,-116.901464,040,037,4744,4556,2025-02-16,1822,L8,high,D
32.496516,-116.834633,040,037,4955,6411,2025-02-16,1822,L8,high,D
32.496246,-116.834634,040,037,4955,6412,2025-02-16,1822,L8,high,D
32.496787,-116.834314,040,037,4956,6410,2025-02-16,1822,L8,medium,D
32.496516,-116.834314,040,037,4956,6411,2025-02-16,1822,L8,high,D
32.496245,-116.834315,040,037,4956,6412,2025-02-16,1822,L8,high,D
32.496786,-116.833994,040,037,4957,6410,2025-02-16,1822,L8,low,D
32.496516,-116.833995,040,037,4957,6411,2025-02-16,1822,L8,medium,D
32.497056,-116.833674,040,037,4958,6409,2025-02-16,1822,L8,medium,D
32.496786,-116.833675,040,037,4958,6410,2025-02-16,1822,L8,high,D
32.497327,-116.833355,040,037,4959,6408,2025-02-16,1822,L8,low,D
32.497056,-116.833355,040,037,4959,6409,2025-02-16,1822,L8,high,D
32.496785,-116.833356,040,037,4959,6410,2025-02-16,1822,L8,high,D
32.497326,-116.833035,040,037,4960,6408,2025-02-16,1822,L8,high,D
32.497056,-116.833036,040,037,4960,6409,2025-02-16,1822,L8,high,D
32.496785,-116.833036,040,037,4960,6410,2025-02-16,1822,L8,medium,D
32.638715,-116.743536,040,037,5239,5885,2025-02-16,1822,L8,medium,D
32.638444,-116.743537,040,037,5239,5886,2025-02-16,1822,L8,medium,D
34.115377,-117.924865,040,036,364,5706,2025-02-16,1822,L8,low,D
34.115107,-117.924862,040,036,364,5707,2025-02-16,1822,L8,high,D
34.036419,-117.559047,040,036,1487,6006,2025-02-16,1822,L8,low,D
34.142465,-117.427632,040,036,1893,5616,2025-02-16,1822,L8,high,D
34.142466,-117.427307,040,036,1894,5616,2025-02-16,1822,L8,low,D
33.876972,-116.998756,040,036,3211,6600,2025-02-16,1822,L8,low,D
