latitude,longitude,brightness,scan,track,acq_date,acq_time,satellite,confidence,version,bright_t31,frp,daynight
19.39642,-155.28239,331.2,1,1,2025-02-15,0039,A,55,6.1NRT,307.96,18.11,D
19.40651,-155.27463,352.62,1,1,2025-02-15,0039,A,96,6.1NRT,315.27,57.75,D
19.40517,-155.28384,350.27,1,1,2025-02-15,0039,A,90,6.1NRT,310.55,51.64,D
19.41526,-155.27606,341.11,1,1,2025-02-15,0039,A,88,6.1NRT,309.61,37.29,D
20.22008,-75.18998,306.11,1.94,1.36,2025-02-15,0158,T,67,6.1NRT,294.82,14.49,N
20.2138,-75.19518,315.02,1.94,1.36,2025-02-15,0158,T,90,6.1NRT,294.97,30.36,N
20.43309,-76.09099,303.75,2.24,1.45,2025-02-15,0158,T,57,6.1NRT,293.36,14.39,N
20.43301,-76.09742,305.11,2.24,1.45,2025-02-15,0158,T,63,6.1NRT,293.45,16.73,N
20.53939,-76.0135,306.23,2.2,1.44,2025-02-15,0158,T,67,6.1NRT,293.43,19.83,N
20.54004,-76.0192,303.91,2.2,1.44,2025-02-15,0158,T,58,6.1NRT,293.14,16.26,N
20.91686,-77.34985,303.3,2.73,1.58,2025-02-15,0158,T,52,6.1NRT,291.28,22.68,N
23.6027,-98.2943,300.95,1.32,1.14,2025-02-15,0336,T,36,6.1NRT,284.75,8.35,N
17.89536,-92.49086,317.31,1.02,1.01,2025-02-15,0334,T,95,6.1NRT,289.45,14.57,N
17.83971,-93.11352,360.06,1,1,2025-02-15,0334,T,100,6.1NRT,291.15,85.22,N
17.83845,-93.12271,360.54,1,1,2025-02-15,0334,T,100,6.1NRT,291.7,86.48,N
17.84724,-93.12406,318.03,1,1,2025-02-15,0334,T,96,6.1NRT,291.1,14.39,N
17.89237,-93.18732,314.94,1,1,2025-02-15,0334,T,90,6.1NRT,281.79,13.26,N
17.90526,-93.17636,300.06,1,1,2025-02-15,0334,T,8,6.1NRT,282.53,3.17,N
17.904,-93.18555,336.88,1,1,2025-02-15,0334,T,100,6.1NRT,285.5,38.61,N
17.91246,-93.38386,300.82,1,1,2025-02-15,0334,T,34,6.1NRT,286.27,3.81,N
18.09832,-94.34814,301.7,1.02,1.01,2025-02-15,0334,T,43,6.1NRT,284.12,5.39,N
18.51531,-92.19933,302.66,1.05,1.02,2025-02-15,0334,T,51,6.1NRT,287.66,4.29,N
18.5401,-98.4957,301.49,1.66,1.27,2025-02-15,0334,T,42,6.1NRT,290.81,9.1,N
20.92037,-77.34941,303.1,1,1,2025-02-15,0752,A,53,6.1NRT,292.07,5.01,N
20.55427,-76.03529,304.79,1.04,1.02,2025-02-15,0752,A,62,6.1NRT,292.72,6.28,N
20.43405,-76.0985,302.53,1.04,1.02,2025-02-15,0752,A,50,6.1NRT,290.29,5.87,N
19.72639,-102.72376,302.71,1.01,1,2025-02-15,0932,A,51,6.1NRT,285.34,7.38,N
18.5051,-96.14429,305.94,2.09,1.41,2025-02-15,0932,A,66,6.1NRT,275.02,26,N
18.41218,-96.20956,324.42,2.08,1.4,2025-02-15,0932,A,100,6.1NRT,283.89,70.15,N
29.65236,-90.412,313.72,1.13,1.06,2025-02-15,1541,T,73,6.1NRT,288.9,12.65,D
27.16327,-81.15227,317.71,2.33,1.48,2025-02-15,1541,T,73,6.1NRT,294.33,40.65,D
26.42248,-81.64256,312.63,2.23,1.45,2025-02-15,1541,T,66,6.1NRT,295.61,23.62,D
22.82087,-82.65457,309.18,2.26,1.46,2025-02-15,1541,T,57,6.1NRT,290.85,19.85,D
20.09793,-90.31654,305.01,1,1,2025-02-15,1543,T,46,6.1NRT,277.14,4.82,D
18.42025,-93.18905,301.53,1.17,1.08,2025-02-15,1543,T,28,6.1NRT,277.84,4.36,D
34.01362,-101.92467,300.19,2.94,1.63,2025-02-15,1717,T,24,6.1NRT,283.96,10.33,D
33.67429,-111.67103,304.69,1,1,2025-02-15,1719,T,60,6.1NRT,291.5,4.55,D
27.11783,-109.7775,314.06,1.28,1.12,2025-02-15,1719,T,66,6.1NRT,299.88,8.52,D
33.41579,-110.86043,335.94,1.01,1.01,2025-02-15,1719,T,90,6.1NRT,290.55,37.2,D
33.4142,-110.84982,302.26,1.01,1.01,2025-02-15,1719,T,51,6.1NRT,289.53,4.04,D
27.11573,-109.76501,313.23,1.28,1.12,2025-02-15,1719,T,60,6.1NRT,299.29,7.42,D
31.60972,-111.51591,310.3,1.01,1,2025-02-15,1719,T,69,6.1NRT,292.63,7.32,D
30.49713,-109.63435,313.99,1.17,1.07,2025-02-15,1719,T,74,6.1NRT,293.26,13.97,D
30.49518,-109.62267,312.16,1.17,1.08,2025-02-15,1719,T,72,6.1NRT,292.53,12.28,D
18.02219,-66.94885,320.13,1.02,1.01,2025-02-15,1845,A,58,6.1NRT,301.2,9.9,D
17.91842,-71.22832,320.3,1.71,1.28,2025-02-15,1845,A,55,6.1NRT,293.9,29.76,D
20.54797,-76.031,324.47,3.47,1.75,2025-02-15,1845,A,79,6.1NRT,298.62,95.56,D
20.54146,-76.06286,330.35,3.49,1.76,2025-02-15,1845,A,84,6.1NRT,298.43,138.07,D
20.69686,-76.9789,317.23,4.05,1.87,2025-02-15,1845,A,57,6.1NRT,297.91,56.39,D
20.79613,-77.50558,311.4,4.41,1.93,2025-02-15,1845,A,14,6.1NRT,290.46,35.28,D
20.88808,-78.02244,320.28,4.79,2,2025-02-15,1845,A,72,6.1NRT,297.16,103.14,D
20.88882,-78.02618,316.18,4.79,2,2025-02-15,1845,A,22,6.1NRT,297.07,61.42,D
18.47064,-88.56226,314.38,1.14,1.07,2025-02-15,2021,A,70,6.1NRT,294.09,9.08,D
17.84044,-93.11256,343.53,1.15,1.07,2025-02-15,2021,A,93,6.1NRT,294.17,54.65,D
17.83876,-93.12302,365.81,1.15,1.07,2025-02-15,2021,A,94,6.1NRT,290.44,120.8,D
17.89582,-93.18728,321.52,1.16,1.07,2025-02-15,2021,A,68,6.1NRT,270.76,23.08,D
19.50703,-90.46203,318.39,1.01,1.01,2025-02-15,2023,A,72,6.1NRT,294.36,11.02,D
22.83901,-82.4628,315.3,3.53,1.77,2025-02-15,2023,A,63,6.1NRT,290.03,48.37,D
22.84906,-82.46877,313.55,3.53,1.77,2025-02-15,2023,A,58,6.1NRT,289.09,43.16,D
20.46795,-101.08128,309.76,3.75,1.81,2025-02-15,2023,A,49,6.1NRT,281.63,54.49,D
20.46167,-101.08363,309.62,3.75,1.81,2025-02-15,2023,A,50,6.1NRT,282.36,54.34,D
28.05091,-98.28925,319.23,1.59,1.24,2025-02-15,2027,A,78,6.1NRT,290.28,30.83,D
28.31363,-97.16803,304.72,1.34,1.15,2025-02-15,2027,A,0,6.1NRT,284.28,9.99,D
28.69314,-97.70999,305.86,1.42,1.18,2025-02-15,2027,A,45,6.1NRT,289,6.85,D
29.85645,-91.77466,309.4,1.08,1.04,2025-02-15,2027,A,42,6.1NRT,291.64,6.5,D
29.88034,-92.15194,315.53,1.05,1.02,2025-02-15,2027,A,73,6.1NRT,292.62,10.66,D
30.51829,-98.15144,303.97,1.4,1.17,2025-02-15,2027,A,0,6.1NRT,289.97,6.06,D
30.61304,-98.30451,304.06,1.42,1.18,2025-02-15,2027,A,41,6.1NRT,286.07,5.79,D
31.15169,-98.07481,307.27,1.35,1.15,2025-02-15,2027,A,60,6.1NRT,295.42,7.18,D
31.34744,-101.80248,323.55,2.32,1.47,2025-02-15,2027,A,79,6.1NRT,297.59,55.66,D
32.36602,-97.94276,328.39,1.26,1.12,2025-02-15,2027,A,84,6.1NRT,298.32,32.85,D
32.85059,-98.41833,308.57,1.31,1.14,2025-02-15,2027,A,59,6.1NRT,292.46,10.84,D
27.16391,-109.96606,321.78,2.48,1.52,2025-02-15,2203,A,72,6.1NRT,305.42,36.66,D
17.88617,-76.51348,320.42,1.13,1.06,2025-02-16,0234,T,100,6.1NRT,293.01,21.37,N
17.88487,-76.52374,315.22,1.13,1.06,2025-02-16,0234,T,87,6.1NRT,292.68,15.57,N
20.02422,-75.95661,323.42,1.28,1.12,2025-02-16,0236,T,100,6.1NRT,291.73,30.49,N
20.02264,-75.96957,308.72,1.27,1.12,2025-02-16,0236,T,75,6.1NRT,289.64,12.57,N
20.22965,-75.77512,300.23,1.31,1.14,2025-02-16,0236,T,22,6.1NRT,289.6,6.88,N
20.50902,-75.99229,303.85,1.29,1.13,2025-02-16,0236,T,57,6.1NRT,291.48,7.97,N
20.5461,-76.02759,304.57,1.28,1.12,2025-02-16,0236,T,61,6.1NRT,293,8.05,N
20.54181,-76.06341,313.84,1.28,1.12,2025-02-16,0236,T,88,6.1NRT,293.12,17.19,N
20.55456,-76.04093,316,1.28,1.12,2025-02-16,0236,T,92,6.1NRT,293.1,19.01,N
20.55312,-76.05287,324.72,1.28,1.12,2025-02-16,0236,T,100,6.1NRT,293.34,31.17,N
20.5719,-76.30623,313.19,1.24,1.1,2025-02-16,0236,T,87,6.1NRT,292.74,15.61,N
20.57046,-76.31778,308.57,1.23,1.1,2025-02-16,0236,T,75,6.1NRT,292.1,11.06,N
20.57391,-76.31293,315.45,1.24,1.1,2025-02-16,0236,T,91,6.1NRT,292.77,17.77,N
20.57672,-76.37186,314.22,1.23,1.1,2025-02-16,0236,T,89,6.1NRT,291.5,17.07,N
20.58088,-76.41897,312.63,1.22,1.1,2025-02-16,0236,T,85,6.1NRT,291.98,15.22,N
20.65785,-76.77654,338.11,1.17,1.08,2025-02-16,0236,T,100,6.1NRT,293.2,50.4,N
20.65648,-76.78748,316.48,1.17,1.08,2025-02-16,0236,T,93,6.1NRT,292.74,17.8,N
21.50982,-78.09932,338.37,1.05,1.02,2025-02-16,0236,T,100,6.1NRT,292.61,43.26,N
21.50852,-78.1092,320.78,1.05,1.02,2025-02-16,0236,T,100,6.1NRT,291.63,19.17,N
21.51882,-78.1007,307,1.05,1.02,2025-02-16,0236,T,70,6.1NRT,291.68,7.58,N
21.6642,-78.6088,317.2,1.02,1.01,2025-02-16,0236,T,95,6.1NRT,288.74,16.95,N
21.66292,-78.61843,328.06,1.02,1.01,2025-02-16,0236,T,100,6.1NRT,289.3,28.48,N
21.63354,-79.30293,300.44,1,1,2025-02-16,0236,T,26,6.1NRT,282.62,4.1,N
21.97923,-78.02789,303.02,1.07,1.03,2025-02-16,0236,T,53,6.1NRT,291.84,4.7,N
22.0765,-78.68794,303.55,1.02,1.01,2025-02-16,0236,T,56,6.1NRT,286.54,6.76,N
22.37171,-78.96525,311.46,1.02,1.01,2025-02-16,0236,T,83,6.1NRT,285.73,12.02,N
22.42682,-80.22768,300.69,1.01,1,2025-02-16,0236,T,32,6.1NRT,287.48,4.46,N
22.48702,-80.3903,305.1,1.01,1,2025-02-16,0236,T,63,6.1NRT,288.43,7.27,N
22.55729,-80.8678,300.02,1.03,1.01,2025-02-16,0236,T,10,6.1NRT,289.18,4.56,N
22.65455,-81.02057,303.09,1.04,1.02,2025-02-16,0236,T,53,6.1NRT,291.26,5.25,N
22.65311,-81.03036,304.44,1.04,1.02,2025-02-16,0236,T,60,6.1NRT,291.26,6.05,N
22.68701,-80.9861,310.32,1.03,1.02,2025-02-16,0236,T,80,6.1NRT,290.87,10.1,N
22.87868,-80.29574,318.27,1,1,2025-02-16,0236,T,97,6.1NRT,290.5,16.44,N
22.87733,-80.30525,324.77,1,1,2025-02-16,0236,T,100,6.1NRT,291.03,23.2,N
22.86746,-82.72066,309.35,1.2,1.09,2025-02-16,0236,T,77,6.1NRT,283.05,13.92,N
22.877,-82.72243,316.72,1.2,1.09,2025-02-16,0236,T,94,6.1NRT,282.52,21.19,N
17.84191,-93.11626,314.62,4.28,1.91,2025-02-16,0414,T,90,6.1NRT,279.67,116.19,N
17.84638,-93.1239,316.79,4.28,1.91,2025-02-16,0414,T,94,6.1NRT,281.8,131.72,N
17.89809,-93.1733,301.55,4.25,1.91,2025-02-16,0414,T,30,6.1NRT,285.77,39.84,N
24.03355,-99.13888,301.35,1.81,1.32,2025-02-16,0414,T,11,6.1NRT,290.55,8.55,N
24.04146,-99.14551,302.8,1.81,1.32,2025-02-16,0414,T,51,6.1NRT,290.92,11.57,N
30.50054,-109.62691,318.11,1.23,1.1,2025-02-16,0416,T,96,6.1NRT,277.28,27.83,N
30.49848,-109.6393,310.25,1.23,1.1,2025-02-16,0416,T,80,6.1NRT,277.14,19.23,N
19.40338,-155.27579,307.97,1.13,1.06,2025-02-16,0733,T,73,6.1NRT,291.62,11.77,N
19.40182,-155.28616,304.49,1.13,1.06,2025-02-16,0733,T,53,6.1NRT,288.15,9.63,N
19.41263,-155.27739,317.75,1.13,1.06,2025-02-16,0733,T,96,6.1NRT,290.94,20.56,N
19.60111,-92.29721,306.19,1.64,1.26,2025-02-16,0832,A,42,6.1NRT,294.64,10.64,N
19.59927,-92.282,305.43,1.64,1.26,2025-02-16,0832,A,30,6.1NRT,294.79,9.63,N
19.44903,-92.0808,311.25,1.58,1.24,2025-02-16,0832,A,74,6.1NRT,295.27,15.93,N
19.44759,-92.08766,307.06,1.58,1.24,2025-02-16,0832,A,51,6.1NRT,295.11,10.89,N
19.39682,-92.03535,306.57,1.56,1.23,2025-02-16,0832,A,47,6.1NRT,295.26,10.13,N
18.64159,-92.16395,302.92,1.55,1.23,2025-02-16,0832,A,52,6.1NRT,287.33,9.24,N
18.20924,-94.00476,301.89,2.1,1.41,2025-02-16,0832,A,31,6.1NRT,285.64,14.34,N
17.89961,-93.17724,313.48,1.8,1.31,2025-02-16,0832,A,87,6.1NRT,272.79,34.04,N
17.84554,-93.11752,337.29,1.78,1.31,2025-02-16,0832,A,100,6.1NRT,279.45,94.1,N
17.8436,-93.10128,315.14,1.77,1.3,2025-02-16,0832,A,91,6.1NRT,281.55,33.12,N
17.84722,-93.12298,320.93,1.78,1.31,2025-02-16,0832,A,100,6.1NRT,275.56,46.87,N
17.84516,-93.10675,324.09,1.77,1.3,2025-02-16,0832,A,100,6.1NRT,281.54,53.06,N
33.41957,-110.85522,304.91,1.11,1.05,2025-02-16,1006,A,62,6.1NRT,267.61,13.65,N
31.53123,-103.45879,302.17,1.68,1.27,2025-02-16,1006,A,47,6.1NRT,273.84,21.22,N
26.52998,-80.50083,311.84,2.02,1.38,2025-02-16,1444,T,65,6.1NRT,294.69,16.7,D
26.52465,-80.48843,310.81,2.01,1.38,2025-02-16,1444,T,63,6.1NRT,294.04,15.71,D
21.89859,-77.85052,315.35,1.18,1.08,2025-02-16,1444,T,0,6.1NRT,298.25,11.1,D
21.23051,-76.83038,311.24,1.06,1.03,2025-02-16,1444,T,56,6.1NRT,296.51,5.93,D
21.22916,-76.82044,313.51,1.06,1.03,2025-02-16,1444,T,63,6.1NRT,297.58,7.63,D
20.81838,-77.87762,318.36,1.16,1.07,2025-02-16,1444,T,38,6.1NRT,301.48,8.61,D
20.56071,-76.05314,320.47,1.01,1,2025-02-16,1444,T,48,6.1NRT,300.92,10.12,D
20.56861,-76.30355,316.98,1.02,1.01,2025-02-16,1444,T,41,6.1NRT,303.78,6.42,D
19.70648,-71.3717,310.44,1.48,1.2,2025-02-16,1444,T,60,6.1NRT,299.28,7.61,D
19.55724,-70.90751,307.77,1.6,1.25,2025-02-16,1444,T,51,6.1NRT,295.44,7.74,D
20.22714,-75.77876,312.2,1,1,2025-02-16,1444,T,56,6.1NRT,299.61,5.03,D
20.2258,-75.76942,326.16,1,1,2025-02-16,1444,T,80,6.1NRT,299.73,18.12,D
33.85659,-98.32593,306.14,1.04,1.02,2025-02-16,1620,T,63,6.1NRT,279.29,10.34,D
30.72616,-98.01407,302.38,1,1,2025-02-16,1620,T,52,6.1NRT,280.66,7.23,D
30.39061,-99.54382,313.27,1.07,1.03,2025-02-16,1620,T,73,6.1NRT,281.79,15.34,D
33.85515,-98.31492,300.84,1.04,1.02,2025-02-16,1620,T,42,6.1NRT,279.36,7.11,D
30.3892,-99.53304,329.77,1.07,1.03,2025-02-16,1620,T,86,6.1NRT,283.5,33.9,D
29.72243,-95.0845,301.19,1.18,1.08,2025-02-16,1620,T,45,6.1NRT,284.54,5.83,D
29.88468,-104.65733,305.4,2.06,1.4,2025-02-16,1622,T,61,6.1NRT,292.07,10.83,D
28.05536,-97.43478,300.65,1.02,1.01,2025-02-16,1622,T,40,6.1NRT,288.86,3.53,D
26.3981,-98.60246,310.59,1,1,2025-02-16,1622,T,66,6.1NRT,294.88,6.86,D
25.86261,-97.60867,310.98,1.04,1.02,2025-02-16,1622,T,66,6.1NRT,296.13,6.92,D
25.85367,-97.61031,310.09,1.04,1.02,2025-02-16,1622,T,65,6.1NRT,295.26,6.33,D
25.76747,-97.29153,304.05,1.06,1.03,2025-02-16,1622,T,28,6.1NRT,293.01,4.57,D
25.11933,-97.88619,306.22,1.03,1.02,2025-02-16,1622,T,49,6.1NRT,292.7,4.22,D
24.9594,-98.1105,307.85,1.02,1.01,2025-02-16,1622,T,55,6.1NRT,287.31,5.59,D
24.9579,-98.10062,306.93,1.02,1.01,2025-02-16,1622,T,51,6.1NRT,287.1,4.75,D
24.84242,-99.52695,309.29,1,1,2025-02-16,1622,T,64,6.1NRT,298.08,5.46,D
23.74428,-98.70661,323.82,1.01,1.01,2025-02-16,1622,T,81,6.1NRT,298.84,17.51,D
23.30377,-98.91197,314.83,1.01,1,2025-02-16,1622,T,71,6.1NRT,300.4,7.5,D
22.93276,-98.90128,315.46,1.01,1.01,2025-02-16,1622,T,67,6.1NRT,299.63,8.47,D
22.90274,-99.00457,327.74,1.01,1,2025-02-16,1622,T,82,6.1NRT,299.69,21.37,D
22.91609,-102.326,325.39,1.19,1.08,2025-02-16,1622,T,81,6.1NRT,299.76,22.55,D
22.91466,-102.31475,325.42,1.19,1.08,2025-02-16,1622,T,81,6.1NRT,300.79,22.48,D
22.03787,-98.29483,334.93,1.06,1.03,2025-02-16,1622,T,77,6.1NRT,293.98,32.84,D
22.02885,-98.29638,319.49,1.06,1.03,2025-02-16,1622,T,77,6.1NRT,291.58,14.01,D
22.02732,-98.28644,312.67,1.06,1.03,2025-02-16,1622,T,58,6.1NRT,288.67,8.36,D
20.5478,-99.94729,309.84,1,1,2025-02-16,1624,T,47,6.1NRT,285.07,6.69,D
20.31042,-98.90885,305.75,1.04,1.02,2025-02-16,1624,T,41,6.1NRT,288.92,4.37,D
20.47281,-101.64954,314.78,1.06,1.03,2025-02-16,1624,T,64,6.1NRT,300.95,7.18,D
20.24642,-101.4761,318.75,1.04,1.02,2025-02-16,1624,T,73,6.1NRT,298.44,13.27,D
19.41161,-96.47697,313.02,1.4,1.17,2025-02-16,1624,T,50,6.1NRT,295.31,8.26,D
19.40135,-96.47891,319.39,1.4,1.17,2025-02-16,1624,T,77,6.1NRT,295.44,17.79,D
19.98758,-100.8764,311.83,1.01,1,2025-02-16,1624,T,64,6.1NRT,296.56,6.1,D
18.96371,-96.69634,313.45,1.38,1.16,2025-02-16,1624,T,68,6.1NRT,292.82,10.48,D
18.91695,-96.7307,312.49,1.37,1.16,2025-02-16,1624,T,62,6.1NRT,293.29,9.89,D
19.01947,-98.62511,309.09,1.09,1.04,2025-02-16,1624,T,0,6.1NRT,277.57,11.15,D
19.75669,-104.30723,312.36,1.42,1.18,2025-02-16,1624,T,64,6.1NRT,299.04,8.41,D
19.57779,-103.44204,307.9,1.25,1.11,2025-02-16,1624,T,48,6.1NRT,285.79,7.79,D
18.50261,-96.14361,312.43,1.53,1.22,2025-02-16,1624,T,66,6.1NRT,296.66,9.91,D
17.89356,-93.17023,315.89,2.62,1.55,2025-02-16,1624,T,74,6.1NRT,291.73,47.51,D
17.9163,-93.52307,313.38,2.46,1.51,2025-02-16,1624,T,70,6.1NRT,289.31,31.82,D
17.84414,-93.13091,323.77,2.64,1.56,2025-02-16,1624,T,81,6.1NRT,291.98,80.63,D
17.8397,-93.10692,332.09,2.65,1.56,2025-02-16,1624,T,87,6.1NRT,292.49,121.92,D
18.78816,-98.92587,312.18,1.07,1.03,2025-02-16,1624,T,41,6.1NRT,296.62,4.44,D
17.83314,-93.11371,331.6,2.65,1.56,2025-02-16,1624,T,87,6.1NRT,291.84,115.37,D
18.62264,-98.44487,324.21,1.12,1.05,2025-02-16,1624,T,80,6.1NRT,299.58,18.04,D
18.15953,-96.1728,310.33,1.54,1.22,2025-02-16,1624,T,41,6.1NRT,293.88,9.22,D
18.37663,-71.2729,322.1,1.62,1.25,2025-02-16,1923,A,59,6.1NRT,295.97,21.39,D
18.38766,-71.27436,322.23,1.62,1.25,2025-02-16,1923,A,50,6.1NRT,298.29,21.89,D
17.91299,-77.12066,319.58,1.04,1.02,2025-02-16,1923,A,65,6.1NRT,292.53,11.46,D
18.70765,-72.15119,327.22,1.43,1.18,2025-02-16,1923,A,79,6.1NRT,306.48,25.15,D
18.83819,-72.25621,323.15,1.41,1.18,2025-02-16,1923,A,55,6.1NRT,305.12,15.97,D
19.00233,-71.20522,313.56,1.68,1.27,2025-02-16,1923,A,24,6.1NRT,297.28,15.75,D
18.13396,-77.97289,316.54,1.1,1.05,2025-02-16,1923,A,72,6.1NRT,298.31,10.24,D
18.43839,-77.55669,314.35,1.06,1.03,2025-02-16,1923,A,53,6.1NRT,291.38,9,D
19.53446,-72.80556,323.65,1.33,1.14,2025-02-16,1923,A,33,6.1NRT,307.1,13.96,D
20.09248,-74.2714,310.56,1.12,1.06,2025-02-16,1923,A,40,6.1NRT,298.76,5.63,D
20.16075,-75.72736,331,1.01,1.01,2025-02-16,1923,A,65,6.1NRT,298.69,23.94,D
20.15942,-75.73677,321.07,1.01,1.01,2025-02-16,1923,A,53,6.1NRT,295.9,11.98,D
20.01176,-77.55789,319.87,1.03,1.01,2025-02-16,1923,A,76,6.1NRT,295.36,12.68,D
20.10746,-77.41419,320.72,1.02,1.01,2025-02-16,1923,A,52,6.1NRT,301.12,10.95,D
20.22548,-77.18947,325.1,1.01,1.01,2025-02-16,1923,A,73,6.1NRT,298.07,14.21,D
20.23429,-77.19098,335.69,1.01,1.01,2025-02-16,1923,A,87,6.1NRT,298.51,27.75,D
20.30113,-77.10616,317.85,1.01,1,2025-02-16,1923,A,61,6.1NRT,299.53,5.65,D
20.36174,-77.07413,331.3,1.01,1,2025-02-16,1923,A,84,6.1NRT,303.86,18.18,D
20.38489,-77.03971,323.42,1.01,1,2025-02-16,1923,A,57,6.1NRT,304.51,9.11,D
20.54372,-76.77679,320.27,1,1,2025-02-16,1923,A,0,6.1NRT,296.87,12.47,D
20.58507,-76.87549,322.85,1,1,2025-02-16,1923,A,68,6.1NRT,300.87,12.37,D
20.58369,-76.88481,340.14,1,1,2025-02-16,1923,A,90,6.1NRT,305.54,35.45,D
20.66934,-76.93452,331.89,1,1,2025-02-16,1923,A,83,6.1NRT,306.05,20.61,D
20.70959,-77.1005,322.22,1.01,1,2025-02-16,1923,A,71,6.1NRT,305.9,8.46,D
20.71837,-77.10201,332.14,1.01,1,2025-02-16,1923,A,83,6.1NRT,306.07,20.25,D
20.75467,-77.28158,322.66,1.01,1.01,2025-02-16,1923,A,71,6.1NRT,307.36,9.81,D
20.80154,-77.22843,322.74,1.01,1,2025-02-16,1923,A,70,6.1NRT,305.8,10.6,D
20.8521,-76.94901,326.74,1,1,2025-02-16,1923,A,51,6.1NRT,305.4,14.93,D
20.80611,-77.25816,319.5,1.01,1,2025-02-16,1923,A,63,6.1NRT,304.33,7.61,D
20.87288,-76.99085,322.68,1,1,2025-02-16,1923,A,50,6.1NRT,303.94,9.67,D
20.76531,-77.70874,327.76,1.03,1.01,2025-02-16,1923,A,52,6.1NRT,307.24,14.02,D
20.84549,-77.236,324.48,1.01,1,2025-02-16,1923,A,73,6.1NRT,306.43,11.29,D
20.84409,-77.2454,344.95,1.01,1,2025-02-16,1923,A,92,6.1NRT,306.92,41.73,D
20.82154,-77.39623,331.79,1.01,1.01,2025-02-16,1923,A,81,6.1NRT,306.99,19.06,D
20.82012,-77.40569,327.29,1.02,1.01,2025-02-16,1923,A,67,6.1NRT,307.17,12.47,D
20.74927,-77.87408,325.93,1.04,1.02,2025-02-16,1923,A,67,6.1NRT,301.29,16.64,D
20.72995,-78.00043,321.33,1.05,1.02,2025-02-16,1923,A,60,6.1NRT,306.84,9.27,D
20.82894,-77.40721,321.73,1.02,1.01,2025-02-16,1923,A,37,6.1NRT,307.49,6.34,D
20.82546,-77.49988,337.88,1.02,1.01,2025-02-16,1923,A,87,6.1NRT,304.09,29.95,D
20.77867,-77.80559,326.88,1.04,1.02,2025-02-16,1923,A,56,6.1NRT,301.82,14.96,D
20.83573,-77.49193,321.54,1.02,1.01,2025-02-16,1923,A,63,6.1NRT,302.4,8.94,D
20.83429,-77.5014,351.32,1.02,1.01,2025-02-16,1923,A,95,6.1NRT,304.92,56.35,D
20.8111,-77.65368,325.34,1.03,1.01,2025-02-16,1923,A,57,6.1NRT,306.28,9.75,D
20.84743,-77.47449,326.39,1.02,1.01,2025-02-16,1923,A,75,6.1NRT,305.63,14.69,D
20.80534,-77.92944,334.53,1.04,1.02,2025-02-16,1923,A,84,6.1NRT,303.12,23.63,D
20.80385,-77.93915,339.15,1.04,1.02,2025-02-16,1923,A,87,6.1NRT,307.23,31.71,D
20.9223,-77.21648,327.9,1.01,1,2025-02-16,1923,A,73,6.1NRT,307.82,13.93,D
20.89269,-77.41438,324.24,1.01,1.01,2025-02-16,1923,A,72,6.1NRT,307.31,10.58,D
20.89127,-77.42383,330.85,1.02,1.01,2025-02-16,1923,A,80,6.1NRT,308.43,18.83,D
20.88129,-77.49011,373.52,1.02,1.01,2025-02-16,1923,A,100,6.1NRT,309.59,120.29,D
20.87986,-77.4996,337.12,1.02,1.01,2025-02-16,1923,A,86,6.1NRT,306.57,27.8,D
20.81426,-77.93102,358.51,1.04,1.02,2025-02-16,1923,A,99,6.1NRT,304.91,74.3,D
20.81277,-77.94073,357.07,1.04,1.02,2025-02-16,1923,A,98,6.1NRT,308.28,70.67,D
20.97685,-76.90895,331.79,1,1,2025-02-16,1923,A,82,6.1NRT,310.03,17.85,D
20.97547,-76.9183,330.19,1,1,2025-02-16,1923,A,80,6.1NRT,309.35,15.62,D
20.91739,-77.37016,319.99,1.01,1.01,2025-02-16,1923,A,52,6.1NRT,305.31,6.25,D
21.00715,-76.96854,336.74,1,1,2025-02-16,1923,A,81,6.1NRT,309.56,27.18,D
20.8457,-78.03314,351.77,1.05,1.02,2025-02-16,1923,A,95,6.1NRT,306.99,60.55,D
21.01591,-76.97004,343.64,1,1,2025-02-16,1923,A,91,6.1NRT,309.02,38.61,D
21.01453,-76.97939,328.56,1,1,2025-02-16,1923,A,74,6.1NRT,304.84,15.82,D
20.92127,-77.6011,319.34,1.02,1.01,2025-02-16,1923,A,62,6.1NRT,300.87,9.4,D
20.91265,-77.71725,319.62,1.03,1.01,2025-02-16,1923,A,58,6.1NRT,306.7,6.96,D
20.97785,-77.40655,341.57,1.01,1.01,2025-02-16,1923,A,90,6.1NRT,311.11,31.01,D
20.9333,-77.70123,319.08,1.03,1.01,2025-02-16,1923,A,36,6.1NRT,304.13,6.55,D
20.91131,-77.84532,320.34,1.04,1.02,2025-02-16,1923,A,64,6.1NRT,306,9.39,D
20.886,-78.01022,321.33,1.05,1.02,2025-02-16,1923,A,66,6.1NRT,305.98,9.53,D
20.88449,-78.01997,324.18,1.05,1.02,2025-02-16,1923,A,71,6.1NRT,307.66,12.73,D
20.96956,-77.5217,323.68,1.02,1.01,2025-02-16,1923,A,72,6.1NRT,307.62,9.88,D
20.96813,-77.53118,324.43,1.02,1.01,2025-02-16,1923,A,71,6.1NRT,306.34,11.18,D
20.93633,-77.74107,318.18,1.03,1.01,2025-02-16,1923,A,53,6.1NRT,304.55,7.57,D
20.92903,-77.78905,315.77,1.03,1.02,2025-02-16,1923,A,39,6.1NRT,301.66,6.78,D
20.89493,-78.0118,366.74,1.05,1.02,2025-02-16,1923,A,100,6.1NRT,307.37,101.96,D
20.89343,-78.02155,360.63,1.05,1.02,2025-02-16,1923,A,100,6.1NRT,308.61,82.81,D
21.02922,-77.18359,323.59,1.01,1,2025-02-16,1923,A,28,6.1NRT,307.15,10.3,D
20.88428,-78.14071,322.18,1.06,1.03,2025-02-16,1923,A,64,6.1NRT,303.23,10.72,D
20.96422,-77.67719,326.27,1.03,1.01,2025-02-16,1923,A,75,6.1NRT,303.57,14.91,D
20.90223,-78.14392,337.63,1.06,1.03,2025-02-16,1923,A,86,6.1NRT,302.03,31.38,D
20.96596,-77.85069,320.88,1.04,1.02,2025-02-16,1923,A,64,6.1NRT,301.2,9.6,D
20.93271,-78.12466,326,1.05,1.03,2025-02-16,1923,A,76,6.1NRT,303.63,16.69,D
20.93118,-78.13448,321.55,1.05,1.03,2025-02-16,1923,A,69,6.1NRT,304.91,10.99,D
20.99856,-77.87628,339.67,1.04,1.02,2025-02-16,1923,A,88,6.1NRT,309.49,33.81,D
20.99708,-77.88596,322.66,1.04,1.02,2025-02-16,1923,A,68,6.1NRT,308.09,9.28,D
20.99094,-78.16536,323.56,1.06,1.03,2025-02-16,1923,A,72,6.1NRT,305.4,13.48,D
20.98943,-78.1752,326.36,1.06,1.03,2025-02-16,1923,A,76,6.1NRT,306.43,17.01,D
21.00133,-78.16375,340.07,1.06,1.03,2025-02-16,1923,A,89,6.1NRT,305.28,38.31,D
20.99978,-78.17359,324.45,1.06,1.03,2025-02-16,1923,A,65,6.1NRT,306.13,15.01,D
21.04965,-77.9118,324.21,1.04,1.02,2025-02-16,1923,A,74,6.1NRT,304.39,13.23,D
21.02843,-78.10804,318.22,1.05,1.02,2025-02-16,1923,A,55,6.1NRT,305.11,7.11,D
21.02691,-78.11784,321.19,1.05,1.02,2025-02-16,1923,A,68,6.1NRT,306.14,10.33,D
21.10433,-77.73363,317.23,1.03,1.01,2025-02-16,1923,A,57,6.1NRT,304.99,6.43,D
21.09855,-77.83121,320.4,1.03,1.02,2025-02-16,1923,A,64,6.1NRT,304.76,8.67,D
21.09708,-77.84085,328.81,1.03,1.02,2025-02-16,1923,A,80,6.1NRT,305.81,18.51,D
21.06991,-78.25719,320.7,1.06,1.03,2025-02-16,1923,A,68,6.1NRT,304.9,11.82,D
21.07922,-78.25417,337.42,1.06,1.03,2025-02-16,1923,A,87,6.1NRT,304.8,34.61,D
21.07766,-78.26406,334.07,1.06,1.03,2025-02-16,1923,A,85,6.1NRT,305.54,29.01,D
21.10208,-78.16705,317.87,1.05,1.03,2025-02-16,1923,A,30,6.1NRT,305.02,6.52,D
21.10054,-78.17689,364.48,1.05,1.03,2025-02-16,1923,A,100,6.1NRT,307.23,96.02,D
21.08821,-78.25578,351.59,1.06,1.03,2025-02-16,1923,A,96,6.1NRT,304.43,63.56,D
21.15621,-77.87667,334.07,1.03,1.02,2025-02-16,1923,A,85,6.1NRT,306.39,24.97,D
21.15472,-77.88633,323.47,1.03,1.02,2025-02-16,1923,A,74,6.1NRT,307.44,11.36,D
21.19453,-77.74525,324.67,1.03,1.01,2025-02-16,1923,A,50,6.1NRT,303.52,13.46,D
21.19307,-77.75482,361.39,1.03,1.01,2025-02-16,1923,A,100,6.1NRT,306.07,83.71,D
21.20193,-77.75638,355.36,1.03,1.01,2025-02-16,1923,A,97,6.1NRT,306.78,66.81,D
21.15907,-78.03648,319.86,1.04,1.02,2025-02-16,1923,A,33,6.1NRT,300.15,8.6,D
21.20368,-77.98447,317.49,1.04,1.02,2025-02-16,1923,A,59,6.1NRT,303.78,7.76,D
21.2022,-77.99415,319.64,1.04,1.02,2025-02-16,1923,A,67,6.1NRT,303.03,10.26,D
21.25027,-77.75172,333.14,1.03,1.01,2025-02-16,1923,A,84,6.1NRT,305.64,25.66,D
21.2488,-77.76131,333.98,1.03,1.01,2025-02-16,1923,A,84,6.1NRT,306.34,27.27,D
21.17037,-78.26698,324.68,1.06,1.03,2025-02-16,1923,A,72,6.1NRT,303.84,13.19,D
21.26954,-77.86368,328.7,1.03,1.01,2025-02-16,1923,A,69,6.1NRT,305.93,18.88,D
21.23803,-78.1879,348.52,1.05,1.02,2025-02-16,1923,A,82,6.1NRT,300.57,53.63,D
21.23651,-78.19774,332.81,1.05,1.03,2025-02-16,1923,A,79,6.1NRT,303.87,24.96,D
21.27699,-77.99413,323.2,1.04,1.02,2025-02-16,1923,A,69,6.1NRT,305.85,11.86,D
21.23634,-78.25853,318.04,1.06,1.03,2025-02-16,1923,A,59,6.1NRT,304.16,7.81,D
21.23481,-78.26842,315.65,1.06,1.03,2025-02-16,1923,A,46,6.1NRT,302.76,5.7,D
21.32977,-77.70683,315.23,1.02,1.01,2025-02-16,1923,A,52,6.1NRT,303.43,6.04,D
21.28653,-78.17184,332.38,1.05,1.02,2025-02-16,1923,A,83,6.1NRT,304.93,22.94,D
21.34053,-77.88183,328.01,1.03,1.01,2025-02-16,1923,A,66,6.1NRT,308.31,15.51,D
21.38483,-77.83034,348.03,1.03,1.01,2025-02-16,1923,A,94,6.1NRT,309.81,45.93,D
21.39515,-77.82233,347.09,1.03,1.01,2025-02-16,1923,A,93,6.1NRT,302.62,44.47,D
21.39369,-77.83192,331.3,1.03,1.01,2025-02-16,1923,A,79,6.1NRT,301.63,17.13,D
19.41052,-155.27963,343.08,1.83,1.33,2025-02-16,1942,T,92,6.1NRT,315.74,109.53,D
19.40854,-155.2625,316.97,1.83,1.32,2025-02-16,1942,T,30,6.1NRT,300.54,27.87,D
19.39879,-155.28088,327.37,1.83,1.33,2025-02-16,1942,T,69,6.1NRT,304.04,49.6,D
21.50089,-78.10191,337.04,1.04,1.02,2025-02-16,1925,A,82,6.1NRT,309.42,25.86,D
21.50786,-78.29478,326.59,1.06,1.03,2025-02-16,1925,A,78,6.1NRT,308.13,12.04,D
21.53799,-78.15876,324.69,1.05,1.02,2025-02-16,1925,A,61,6.1NRT,307.59,9.33,D
21.53348,-78.18815,325.33,1.05,1.02,2025-02-16,1925,A,76,6.1NRT,307.27,10.54,D
21.65075,-77.61163,333.52,1.02,1.01,2025-02-16,1925,A,85,6.1NRT,304,25.94,D
21.64931,-77.62112,328.47,1.02,1.01,2025-02-16,1925,A,80,6.1NRT,303.58,19.03,D
21.55899,-78.20922,332.76,1.05,1.02,2025-02-16,1925,A,84,6.1NRT,307.76,22.88,D
21.55747,-78.21902,397.19,1.05,1.02,2025-02-16,1925,A,100,6.1NRT,311.35,243.21,D
21.55594,-78.22883,329.21,1.05,1.02,2025-02-16,1925,A,65,6.1NRT,304.01,20.01,D
21.661,-77.60367,316.2,1.01,1.01,2025-02-16,1925,A,39,6.1NRT,304.19,6.79,D
21.56794,-78.21082,342.47,1.05,1.02,2025-02-16,1925,A,91,6.1NRT,304.62,39.29,D
21.56641,-78.22062,400.59,1.05,1.02,2025-02-16,1925,A,100,6.1NRT,313.46,264.41,D
21.56489,-78.23043,364.68,1.05,1.02,2025-02-16,1925,A,100,6.1NRT,307.41,96.53,D
21.57773,-78.38514,322.79,1.06,1.03,2025-02-16,1925,A,73,6.1NRT,303.36,12.26,D
21.55595,-78.525,337.08,1.07,1.03,2025-02-16,1925,A,87,6.1NRT,300.09,35.88,D
21.68783,-77.7257,312.69,1.02,1.01,2025-02-16,1925,A,33,6.1NRT,300.62,5.01,D
21.57435,-78.46652,312.97,1.07,1.03,2025-02-16,1925,A,41,6.1NRT,299.44,5.81,D
21.56499,-78.52665,324.59,1.07,1.03,2025-02-16,1925,A,76,6.1NRT,300.21,18.23,D
21.66723,-78.16396,314.11,1.04,1.02,2025-02-16,1925,A,50,6.1NRT,302.07,4.74,D
21.71449,-78.57645,324.54,1.07,1.03,2025-02-16,1925,A,69,6.1NRT,302.82,13.69,D
21.78211,-78.20122,322.69,1.04,1.02,2025-02-16,1925,A,65,6.1NRT,307.68,11.24,D
21.66877,-78.92522,326.17,1.11,1.05,2025-02-16,1925,A,77,6.1NRT,303.31,18.64,D
21.66712,-78.9356,320.71,1.11,1.05,2025-02-16,1925,A,68,6.1NRT,303.4,12.36,D
21.78802,-78.22241,342.14,1.05,1.02,2025-02-16,1925,A,90,6.1NRT,304.94,40.06,D
21.78651,-78.23221,333.89,1.05,1.02,2025-02-16,1925,A,85,6.1NRT,306.58,27.02,D
21.81789,-78.08747,320.27,1.04,1.02,2025-02-16,1925,A,69,6.1NRT,303.52,9.93,D
21.73492,-78.68411,325.97,1.08,1.04,2025-02-16,1925,A,66,6.1NRT,305.74,13.79,D
21.72537,-78.74516,328.22,1.09,1.04,2025-02-16,1925,A,69,6.1NRT,307.77,14.76,D
21.72378,-78.75536,324.14,1.09,1.04,2025-02-16,1925,A,46,6.1NRT,307.68,9.27,D
21.74557,-78.67564,345.12,1.08,1.04,2025-02-16,1925,A,92,6.1NRT,306.72,46.27,D
21.744,-78.68578,347.51,1.08,1.04,2025-02-16,1925,A,94,6.1NRT,309.01,51.03,D
21.89174,-77.84864,324.85,1.02,1.01,2025-02-16,1925,A,56,6.1NRT,301.58,16.37,D
21.67185,-79.30125,318.41,1.15,1.07,2025-02-16,1925,A,62,6.1NRT,303.78,8.95,D
21.67009,-79.31203,316.44,1.15,1.07,2025-02-16,1925,A,53,6.1NRT,303.75,7.03,D
21.82075,-78.42671,322.05,1.06,1.03,2025-02-16,1925,A,49,6.1NRT,306.42,10.48,D
21.82973,-78.42835,321.33,1.06,1.03,2025-02-16,1925,A,17,6.1NRT,306.59,9.84,D
21.69172,-79.41666,318.36,1.17,1.08,2025-02-16,1925,A,62,6.1NRT,303.77,9.05,D
21.83341,-78.5831,332.09,1.07,1.03,2025-02-16,1925,A,83,6.1NRT,305.15,22.7,D
21.83184,-78.59315,328.18,1.07,1.03,2025-02-16,1925,A,79,6.1NRT,307.34,17.57,D
21.80769,-78.9204,318.49,1.1,1.05,2025-02-16,1925,A,63,6.1NRT,305.27,7.66,D
21.91401,-78.30785,320.28,1.05,1.02,2025-02-16,1925,A,67,6.1NRT,304.04,9.53,D
21.91248,-78.31769,317.29,1.05,1.02,2025-02-16,1925,A,31,6.1NRT,303.8,6.56,D
21.84665,-78.85333,327.18,1.1,1.04,2025-02-16,1925,A,78,6.1NRT,305.14,18.16,D
21.84502,-78.86361,321.06,1.1,1.05,2025-02-16,1925,A,63,6.1NRT,305.76,10.14,D
21.89858,-78.64301,365.46,1.08,1.04,2025-02-16,1925,A,100,6.1NRT,311.66,97.74,D
21.897,-78.6531,327.58,1.08,1.04,2025-02-16,1925,A,44,6.1NRT,308,12.45,D
21.85019,-78.94957,334.16,1.11,1.05,2025-02-16,1925,A,84,6.1NRT,303.87,27.71,D
21.84854,-78.95995,321.23,1.11,1.05,2025-02-16,1925,A,67,6.1NRT,305.55,9.9,D
21.90921,-78.6346,399.45,1.08,1.04,2025-02-16,1925,A,100,6.1NRT,307.57,263,D
21.90763,-78.64468,401.96,1.08,1.04,2025-02-16,1925,A,100,6.1NRT,316.09,279.39,D
21.90605,-78.65476,338.42,1.08,1.04,2025-02-16,1925,A,77,6.1NRT,312.1,29.45,D
21.87179,-78.93223,322.74,1.1,1.05,2025-02-16,1925,A,72,6.1NRT,306.05,12.39,D
21.95986,-78.42796,335.74,1.06,1.03,2025-02-16,1925,A,86,6.1NRT,305.35,28.4,D
21.92692,-78.70021,322.75,1.08,1.04,2025-02-16,1925,A,70,6.1NRT,306.88,10.09,D
21.91446,-78.82908,351.95,1.09,1.04,2025-02-16,1925,A,83,6.1NRT,305.4,66.65,D
21.97746,-78.54945,321.74,1.07,1.03,2025-02-16,1925,A,51,6.1NRT,302.44,11.39,D
21.97589,-78.55946,323.33,1.07,1.03,2025-02-16,1925,A,31,6.1NRT,305.8,11.92,D
21.98086,-78.70527,320.11,1.08,1.04,2025-02-16,1925,A,62,6.1NRT,303.57,7.64,D
21.97235,-78.81873,322.91,1.09,1.04,2025-02-16,1925,A,73,6.1NRT,304.42,13.67,D
22.00687,-78.65812,328.69,1.08,1.04,2025-02-16,1925,A,74,6.1NRT,306.44,16.36,D
21.98306,-78.8102,351.32,1.09,1.04,2025-02-16,1925,A,96,6.1NRT,305.19,63.66,D
21.98146,-78.8204,340.3,1.09,1.04,2025-02-16,1925,A,89,6.1NRT,306.01,39.85,D
21.83816,-79.77727,315.42,1.21,1.09,2025-02-16,1925,A,45,6.1NRT,303.34,7.17,D
22.02183,-78.68162,334.26,1.08,1.04,2025-02-16,1925,A,85,6.1NRT,307.65,26.62,D
22.02026,-78.69172,338.66,1.08,1.04,2025-02-16,1925,A,88,6.1NRT,308.58,33.62,D
22.06935,-78.43962,348.77,1.06,1.03,2025-02-16,1925,A,89,6.1NRT,305.38,56.09,D
22.03147,-78.67954,353.9,1.08,1.04,2025-02-16,1925,A,97,6.1NRT,305.78,68.39,D
22.02986,-78.68964,363.68,1.08,1.04,2025-02-16,1925,A,100,6.1NRT,307.53,96.61,D
22.1075,-78.25413,315.56,1.04,1.02,2025-02-16,1925,A,49,6.1NRT,303.46,6.41,D
22.07677,-78.45116,315.8,1.06,1.03,2025-02-16,1925,A,18,6.1NRT,303.26,7.58,D
22.07083,-78.66605,343.17,1.07,1.03,2025-02-16,1925,A,91,6.1NRT,304.26,44.15,D
22.25066,-79.0435,319.16,1.11,1.05,2025-02-16,1925,A,56,6.1NRT,303.84,9.38,D
22.25981,-79.04523,320.19,1.11,1.05,2025-02-16,1925,A,70,6.1NRT,304.76,10.6,D
22.30373,-78.94707,319.43,1.1,1.04,2025-02-16,1925,A,69,6.1NRT,304.57,10.5,D
22.22369,-79.77696,319.23,1.2,1.09,2025-02-16,1925,A,69,6.1NRT,305.72,10,D
22.10169,-80.55676,317.48,1.33,1.14,2025-02-16,1925,A,59,6.1NRT,304.46,10.75,D
22.09955,-80.56921,317.86,1.33,1.14,2025-02-16,1925,A,58,6.1NRT,303.4,11.39,D
22.21446,-80.0099,314.64,1.23,1.1,2025-02-16,1925,A,31,6.1NRT,296.06,9.05,D
22.19868,-80.22446,321.67,1.27,1.12,2025-02-16,1925,A,73,6.1NRT,304.35,14.02,D
22.15408,-80.73624,317.83,1.36,1.16,2025-02-16,1925,A,47,6.1NRT,303.87,11.49,D
22.24241,-80.21407,315.34,1.26,1.12,2025-02-16,1925,A,39,6.1NRT,297.91,8.01,D
22.2159,-80.36954,316.83,1.29,1.13,2025-02-16,1925,A,22,6.1NRT,302.52,8.91,D
22.15399,-80.72855,320.02,1.36,1.15,2025-02-16,1925,A,71,6.1NRT,304.22,13.44,D
22.22573,-80.37146,317.11,1.29,1.13,2025-02-16,1925,A,36,6.1NRT,303.9,9.19,D
22.21953,-80.40778,318.86,1.3,1.13,2025-02-16,1925,A,63,6.1NRT,302.73,12.28,D
22.29498,-80.20007,318.68,1.26,1.11,2025-02-16,1925,A,57,6.1NRT,296.92,11.49,D
22.31631,-80.2532,315.54,1.27,1.12,2025-02-16,1925,A,42,6.1NRT,297.86,6.82,D
22.30832,-80.36281,321.06,1.29,1.13,2025-02-16,1925,A,72,6.1NRT,302.58,13.36,D
22.31129,-80.35751,319.53,1.28,1.12,2025-02-16,1925,A,66,6.1NRT,302,11.25,D
22.40939,-80.01273,321.43,1.22,1.1,2025-02-16,1925,A,73,6.1NRT,305.97,13.99,D
22.38408,-80.28531,322.54,1.27,1.12,2025-02-16,1925,A,74,6.1NRT,298.47,16.57,D
22.3897,-80.37305,316.09,1.28,1.12,2025-02-16,1925,A,38,6.1NRT,299.29,8.94,D
22.33161,-80.89555,321.95,1.38,1.16,2025-02-16,1925,A,73,6.1NRT,304.9,19.08,D
22.34399,-80.88465,348.77,1.38,1.16,2025-02-16,1925,A,94,6.1NRT,303.41,81.54,D
22.34175,-80.89759,349.49,1.38,1.16,2025-02-16,1925,A,95,6.1NRT,305.46,84.36,D
22.47858,-80.15134,330.75,1.24,1.11,2025-02-16,1925,A,83,6.1NRT,303.96,29.31,D
22.47663,-80.16304,318.99,1.24,1.11,2025-02-16,1925,A,69,6.1NRT,302.36,11.32,D
22.35412,-80.88669,326.48,1.38,1.16,2025-02-16,1925,A,72,6.1NRT,299.06,25.51,D
22.35189,-80.89962,334.16,1.38,1.16,2025-02-16,1925,A,86,6.1NRT,299.28,41.31,D
22.3779,-80.93173,328.46,1.39,1.17,2025-02-16,1925,A,81,6.1NRT,303.61,28.26,D
22.54658,-80.18335,317.79,1.24,1.11,2025-02-16,1925,A,69,6.1NRT,303.65,10.26,D
22.55375,-80.38034,322.18,1.28,1.12,2025-02-16,1925,A,75,6.1NRT,303.23,16.86,D
22.55175,-80.39234,314.98,1.28,1.12,2025-02-16,1925,A,50,6.1NRT,301.84,7.32,D
22.65476,-79.82755,320.81,1.19,1.08,2025-02-16,1925,A,73,6.1NRT,303.42,14.64,D
22.69201,-79.80574,347.84,1.18,1.08,2025-02-16,1925,A,94,6.1NRT,304.71,63.72,D
22.69017,-79.81688,351.05,1.19,1.08,2025-02-16,1925,A,96,6.1NRT,305.42,72.82,D
22.70146,-79.80758,341.65,1.18,1.08,2025-02-16,1925,A,91,6.1NRT,301.34,49.01,D
22.69962,-79.81872,344.53,1.19,1.08,2025-02-16,1925,A,93,6.1NRT,301.09,56.03,D
22.60263,-80.45768,322.7,1.29,1.13,2025-02-16,1925,A,77,6.1NRT,302.89,19.84,D
22.60058,-80.46977,314.55,1.29,1.13,2025-02-16,1925,A,64,6.1NRT,299.97,9.1,D
22.67367,-80.15371,321.43,1.24,1.1,2025-02-16,1925,A,75,6.1NRT,300.15,17.27,D
22.55269,-80.87219,323.98,1.37,1.16,2025-02-16,1925,A,54,6.1NRT,287.86,24.92,D
22.56496,-80.86141,335.38,1.36,1.16,2025-02-16,1925,A,68,6.1NRT,290.51,45.78,D
22.56278,-80.87422,361.81,1.37,1.16,2025-02-16,1925,A,87,6.1NRT,290.51,133.7,D
22.57504,-80.86344,357.48,1.36,1.16,2025-02-16,1925,A,75,6.1NRT,287.31,114.37,D
22.68924,-80.80094,317.86,1.35,1.15,2025-02-16,1925,A,71,6.1NRT,294.24,16.9,D
22.7312,-80.6725,310.48,1.32,1.14,2025-02-16,1925,A,38,6.1NRT,287.73,8.49,D
22.68617,-81.23742,315.41,1.43,1.18,2025-02-16,1925,A,31,6.1NRT,292.91,11.71,D
22.78757,-80.82626,319.22,1.35,1.15,2025-02-16,1925,A,74,6.1NRT,282.01,19.95,D
22.78654,-80.83265,316.92,1.35,1.15,2025-02-16,1925,A,64,6.1NRT,283.1,16.88,D
22.85662,-80.84702,310.51,1.35,1.15,2025-02-16,1925,A,23,6.1NRT,291.99,8.23,D
22.45277,-83.2692,313.11,2.01,1.38,2025-02-16,1925,A,43,6.1NRT,285.07,22.63,D
22.63087,-83.24248,311.56,1.98,1.37,2025-02-16,1925,A,45,6.1NRT,283.71,22.04,D
22.99156,-81.30977,306.93,1.43,1.18,2025-02-16,1925,A,33,6.1NRT,284.39,9.63,D
22.86827,-82.50696,317.34,1.74,1.29,2025-02-16,1925,A,67,6.1NRT,297.84,19.73,D
26.34292,-77.04742,328.68,1.02,1.01,2025-02-16,1927,A,0,6.1NRT,300.55,22.03,D
26.34154,-77.05733,318.25,1.02,1.01,2025-02-16,1927,A,52,6.1NRT,302.5,10.81,D
26.35176,-77.04896,373.3,1.02,1.01,2025-02-16,1927,A,94,6.1NRT,305.57,124.27,D
26.35039,-77.05888,326.65,1.02,1.01,2025-02-16,1927,A,80,6.1NRT,304.09,18.61,D
26.36061,-77.05049,385.5,1.02,1.01,2025-02-16,1927,A,100,6.1NRT,307.93,175.91,D
26.35923,-77.06042,335.03,1.02,1.01,2025-02-16,1927,A,87,6.1NRT,303.41,30.24,D
27.85726,-80.66979,313.72,1.12,1.05,2025-02-16,1927,A,66,6.1NRT,297.26,8.01,D
29.88032,-90.46112,306.91,4.34,1.92,2025-02-16,1927,A,56,6.1NRT,289.49,63.25,D
29.88424,-90.46625,305.51,4.34,1.92,2025-02-16,1927,A,54,6.1NRT,289.37,56.13,D
31.88435,-81.58468,311.5,1.1,1.04,2025-02-16,1927,A,66,6.1NRT,290.25,10.54,D
31.90069,-81.60004,303.54,1.1,1.04,2025-02-16,1927,A,16,6.1NRT,289.83,4.64,D
31.79983,-82.58091,315.52,1.21,1.09,2025-02-16,1927,A,76,6.1NRT,292.07,15.69,D
32.49872,-83.88475,310.41,1.38,1.16,2025-02-16,1927,A,70,6.1NRT,287.51,14.35,D
32.62195,-83.37452,300.4,1.29,1.13,2025-02-16,1927,A,36,6.1NRT,290.22,4.14,D
32.6196,-83.38777,305.2,1.29,1.13,2025-02-16,1927,A,61,6.1NRT,291.96,8.02,D
32.97274,-82.59521,310.82,1.17,1.08,2025-02-16,1929,A,70,6.1NRT,292.01,11.33,D
32.98209,-82.59747,307.54,1.17,1.08,2025-02-16,1929,A,66,6.1NRT,292.1,8.32,D
33.12086,-82.14687,302.08,1.11,1.05,2025-02-16,1929,A,51,6.1NRT,291.59,4.67,D
34.33957,-82.76019,300.92,1.14,1.06,2025-02-16,1929,A,43,6.1NRT,288.28,5.35,D
18.21364,-96.03329,336.35,1.59,1.24,2025-02-16,2101,A,0,6.1NRT,295.35,59.99,D
18.78926,-97.71223,325.69,1.26,1.11,2025-02-16,2101,A,58,6.1NRT,300.35,17.81,D
19.26435,-97.74205,320.55,1.27,1.12,2025-02-16,2101,A,71,6.1NRT,302.82,10.93,D
19.2628,-97.7538,322.64,1.27,1.12,2025-02-16,2101,A,76,6.1NRT,303,13.51,D
19.26632,-97.74915,327.51,1.27,1.12,2025-02-16,2101,A,81,6.1NRT,303.48,19.94,D
18.77782,-103.72678,317.15,1.22,1.1,2025-02-16,2101,A,51,6.1NRT,299.93,9.52,D
19.03736,-102.27492,337.25,1.05,1.02,2025-02-16,2101,A,87,6.1NRT,308.29,27.79,D
19.03587,-102.28461,325.24,1.05,1.02,2025-02-16,2101,A,76,6.1NRT,307.77,10.57,D
19.04792,-102.79877,373.11,1.1,1.04,2025-02-16,2101,A,100,6.1NRT,312.11,129.69,D
19.04633,-102.80893,350.39,1.1,1.04,2025-02-16,2101,A,95,6.1NRT,310.1,56.59,D
19.56841,-103.36647,320.25,1.15,1.07,2025-02-16,2101,A,67,6.1NRT,306.18,8.2,D
20.46298,-101.0753,325.26,1,1,2025-02-16,2103,A,76,6.1NRT,301.99,19.61,D
20.57971,-101.17346,325.96,1,1,2025-02-16,2103,A,72,6.1NRT,310.16,11.58,D
20.45936,-103.30186,346.99,1.11,1.05,2025-02-16,2103,A,93,6.1NRT,311.69,47.43,D
20.45775,-103.31205,358.38,1.11,1.05,2025-02-16,2103,A,99,6.1NRT,315.22,77.88,D
20.8171,-101.32717,325.86,1,1,2025-02-16,2103,A,48,6.1NRT,309.69,9.73,D
21.01585,-101.65916,326.3,1,1,2025-02-16,2103,A,72,6.1NRT,313.05,9.75,D
21.19457,-100.6228,330.8,1.01,1.01,2025-02-16,2103,A,81,6.1NRT,308.69,19.35,D
21.0954,-101.80287,325.33,1.01,1,2025-02-16,2103,A,71,6.1NRT,310.89,8.84,D
21.00346,-102.41676,346.35,1.03,1.01,2025-02-16,2103,A,80,6.1NRT,310.85,43.27,D
21.00201,-102.4263,324.21,1.03,1.01,2025-02-16,2103,A,63,6.1NRT,310.01,9.01,D
21.75917,-101.50945,327.01,1,1,2025-02-16,2103,A,58,6.1NRT,313.85,9.31,D
21.83553,-101.30768,323.68,1,1,2025-02-16,2103,A,71,6.1NRT,308.41,8.58,D
22.15699,-100.72512,315.82,1.02,1.01,2025-02-16,2103,A,54,6.1NRT,299.09,6.59,D
22.51678,-98.67347,324.36,1.23,1.1,2025-02-16,2103,A,75,6.1NRT,304.86,14.98,D
22.83044,-98.44832,322.01,1.28,1.12,2025-02-16,2103,A,71,6.1NRT,307.31,11,D
22.83898,-99.0266,315.94,1.19,1.08,2025-02-16,2103,A,58,6.1NRT,303.55,6.57,D
22.83752,-99.03785,317.69,1.19,1.08,2025-02-16,2103,A,62,6.1NRT,304.34,8.05,D
22.84219,-99.48187,324.33,1.13,1.06,2025-02-16,2103,A,75,6.1NRT,304.35,17.82,D
22.50176,-102.2318,325.85,1.01,1,2025-02-16,2103,A,74,6.1NRT,312.49,9.95,D
23.08758,-98.67696,322.75,1.25,1.11,2025-02-16,2103,A,68,6.1NRT,306.33,11.79,D
23.09884,-98.66669,321.78,1.25,1.11,2025-02-16,2103,A,54,6.1NRT,306.77,10.52,D
23.09732,-98.67846,321.44,1.25,1.11,2025-02-16,2103,A,36,6.1NRT,307.81,9.97,D
23.09985,-98.67238,328.09,1.25,1.11,2025-02-16,2103,A,66,6.1NRT,308.03,19.97,D
22.76477,-105.69195,337.71,1.39,1.17,2025-02-16,2103,A,90,6.1NRT,303.74,51.94,D
23.01209,-105.20712,312.86,1.29,1.13,2025-02-16,2103,A,59,6.1NRT,291.87,10.34,D
23.60097,-106.10159,320.53,1.42,1.18,2025-02-16,2103,A,73,6.1NRT,308.05,14.55,D
23.65929,-106.07141,319.19,1.42,1.18,2025-02-16,2103,A,67,6.1NRT,308.85,11.06,D
24.11309,-103.56322,326.25,1.05,1.02,2025-02-16,2103,A,72,6.1NRT,310.15,12.21,D
24.75683,-99.619,325.42,1.17,1.08,2025-02-16,2103,A,77,6.1NRT,303.3,20.67,D
24.75539,-99.63027,314.4,1.17,1.07,2025-02-16,2103,A,53,6.1NRT,302.22,7.33,D
25.20408,-97.80067,315.59,1.51,1.21,2025-02-16,2103,A,56,6.1NRT,298.93,14.91,D
24.16289,-107.12008,316.46,1.62,1.25,2025-02-16,2103,A,45,6.1NRT,305.53,10.49,D
25.57169,-99.93824,313.09,1.15,1.07,2025-02-16,2103,A,54,6.1NRT,300.81,6.08,D
25.87308,-97.64859,313.37,1.58,1.24,2025-02-16,2103,A,54,6.1NRT,300.2,10.66,D
25.61678,-99.73844,313.37,1.18,1.08,2025-02-16,2103,A,56,6.1NRT,301.03,6.95,D
25.79293,-100.50336,314.03,1.09,1.04,2025-02-16,2103,A,49,6.1NRT,302.47,5.49,D
25.81844,-100.57823,360.07,1.09,1.04,2025-02-16,2103,A,100,6.1NRT,305.05,89.19,D
25.81705,-100.58878,340.92,1.09,1.04,2025-02-16,2103,A,90,6.1NRT,302.99,42.33,D
26.39218,-98.93036,318.15,1.33,1.14,2025-02-16,2103,A,67,6.1NRT,302.97,11.34,D
26.39064,-98.94332,321.65,1.33,1.14,2025-02-16,2103,A,73,6.1NRT,302.97,16.24,D
26.40067,-98.94482,317.92,1.33,1.14,2025-02-16,2103,A,45,6.1NRT,303.59,10.32,D
25.47334,-107.95898,321.37,1.75,1.3,2025-02-16,2103,A,67,6.1NRT,310.68,13.34,D
27.68011,-98.98078,310.55,1.37,1.16,2025-02-16,2105,A,45,6.1NRT,299.91,6.95,D
27.98176,-98.50783,311.83,1.48,1.2,2025-02-16,2105,A,57,6.1NRT,297.29,11.31,D
28.06401,-98.31391,314.2,1.53,1.22,2025-02-16,2105,A,65,6.1NRT,296.5,16.52,D
28.88799,-96.92249,304.08,1.95,1.36,2025-02-16,2105,A,26,6.1NRT,290.12,10.41,D
28.88401,-96.90952,305.57,1.96,1.37,2025-02-16,2105,A,54,6.1NRT,291.19,14.17,D
28.34857,-104.67791,334.8,1.05,1.02,2025-02-16,2105,A,85,6.1NRT,308.77,26.54,D
28.34692,-104.68825,325.35,1.05,1.02,2025-02-16,2105,A,75,6.1NRT,309.31,13.4,D
29.58839,-94.50054,316.02,2.97,1.64,2025-02-16,2105,A,66,6.1NRT,288.79,69.34,D
29.58602,-94.53033,301.81,2.96,1.64,2025-02-16,2105,A,37,6.1NRT,288.59,21.1,D
29.82573,-92.95918,300.89,3.85,1.83,2025-02-16,2105,A,40,6.1NRT,287.6,30.38,D
29.73469,-94.18207,309.68,3.14,1.68,2025-02-16,2105,A,64,6.1NRT,288.49,45.16,D
29.74952,-94.18351,310.48,3.14,1.68,2025-02-16,2105,A,66,6.1NRT,288.69,48.53,D
29.73376,-94.18678,312,3.14,1.68,2025-02-16,2105,A,45,6.1NRT,288.54,50.84,D
29.74859,-94.18827,313.61,3.14,1.68,2025-02-16,2105,A,62,6.1NRT,288.81,57.98,D
29.26446,-99.8837,316.35,1.28,1.12,2025-02-16,2105,A,70,6.1NRT,301.79,10.45,D
29.26291,-99.89643,312.64,1.27,1.12,2025-02-16,2105,A,59,6.1NRT,300.81,6.76,D
30.41039,-98.93184,309.79,1.5,1.21,2025-02-16,2105,A,68,6.1NRT,290.44,15.05,D
30.38716,-99.52215,303.41,1.38,1.16,2025-02-16,2105,A,37,6.1NRT,290.54,5.98,D
30.38554,-99.53622,309.59,1.38,1.16,2025-02-16,2105,A,66,6.1NRT,291.16,12.16,D
30.39739,-99.5237,346.92,1.38,1.16,2025-02-16,2105,A,95,6.1NRT,292.77,87,D
30.39575,-99.53787,373.46,1.38,1.16,2025-02-16,2105,A,100,6.1NRT,297.25,203.17,D
30.39412,-99.55192,309.73,1.38,1.16,2025-02-16,2105,A,67,6.1NRT,292.03,12,D
30.575,-99.38936,308.69,1.42,1.18,2025-02-16,2105,A,66,6.1NRT,293.16,11.24,D
31.32776,-97.78737,314.51,1.84,1.33,2025-02-16,2108,A,75,6.1NRT,288.08,32.29,D
31.32584,-97.80638,304.11,1.83,1.33,2025-02-16,2108,A,51,6.1NRT,287.01,14.49,D
31.33944,-97.789,339.75,1.84,1.33,2025-02-16,2108,A,92,6.1NRT,289.56,103.04,D
31.3361,-97.79559,323.17,1.84,1.33,2025-02-16,2108,A,64,6.1NRT,289.67,47.79,D
31.54785,-111.47751,325.42,2.23,1.45,2025-02-16,2108,A,67,6.1NRT,298.7,51.48,D
31.54316,-111.50012,322.33,2.24,1.45,2025-02-16,2108,A,29,6.1NRT,299.64,39.14,D
31.55093,-111.52637,321.67,2.25,1.45,2025-02-16,2108,A,51,6.1NRT,299.16,38.15,D
35.27782,-99.9697,317.11,1.51,1.21,2025-02-16,2108,A,77,6.1NRT,287.63,26.47,D
36.27138,-99.03239,315.72,1.78,1.31,2025-02-16,2108,A,76,6.1NRT,282.23,38.09,D
